Workbook

Sheet Release Notes
A1: Date | B1: Version | C1: Update
A2: 46045 | B2: 1 | C2: Initial version
A3: 46048 | B3: 1.1 | C3: Add Extended Memory pricing for VM Add Yearly archives data in backup estimation

Sheet Summary
A1: GKE
B3: Nb VM | D3: Target in GCP
A4: Kubernetes Worker Node | B4: ='VMware Inventory'!H1-'VMware Inventory'!I1 -> 66 | D4: GKE
A5: Kubernetes Control Plane | B5: ='VMware Inventory'!I1 -> 21 | D5: No Lift & Shift
A7: TOTAL | B7: =sum(B4:B6) -> 87
A9: VM Infra.
A11: Current Environment | B11: # Existing Server | C11: Migration Type | D11: Target in Google Cloud | E11: # VM at the target
A12: NSX-T Manager | B12: ='Infra Study'!D1 -> 3 | C12: No Lift & Shift | D12: GCP Infrastructure | E12: 0
A13: Storage & Backup (VxRail, VSAN, vCenter, VEEAM) | B13: ='Infra Study'!C1 -> 98 | C13: No Lift & Shift | D13: Google Cloud Backup & DR | E13: 0
A14: Firewall OpenSense | B14: ='Infra Study'!E1 -> 4 | C14: Lift & Shift Production | D14: Firewall OpenSense | E14: =B14 -> 4
A15: DHCP Server | B15: ='Infra Study'!B1 -> 23 | C15: No Lift & Shift | D15: VPC | E15: 0
A16: WSUS Server | B16: ='Infra Study'!F1 -> 13 | C16: No Lift & Shift | D16: VMManager | E16: 0
A17: Bastion Server | B17: ='Infra Study'!H1 -> 12 | C17: Lift & Shift Production | D17: Bastion Server | E17: =B17 -> 12
A18: SMTP Server | B18: ='Infra Study'!G1 -> 13 | C18: Consolidation | D18: SMTP Server | E18: 2
A19: DNS Server | B19: ='Infra Study'!I1 -> 2 | C19: No Lift & Shift | D19: Cloud DNS | E19: 0
A20: Active Directory | B20: ='Infra Study'!K1 -> 38 | C20: Consolidation | D20: AD Consolidation | E20: 12
A21: Fortinet Server | B21: ='Infra Study'!J1 -> 7 | C21: Lift & Shift Production | D21: Fortinet Server | E21: =B21 -> 7
A22: Virtual Desktop Infrastructure | B22: ='Infra Study'!L1 -> 200 | C22: Consolidation | D22: Windows Server | E22: 21
A24: TOTAL | B24: =SUM(B12:B23) -> 413 | E24: =SUM(E12:E23) -> 58
A26: Migration Path
A28: VM Type | B28: Total # Existing Server | C28: # Existing Server | D28: Migration Type | E28: # Target Server | F28: Total # Target Server | G28: Remark
A29: Infrastructure VM | B29: =sum(C29:C31) -> 413 | C29: =sum(B12,B13,B15,B16,B19) -> 139 | D29: No Lift & Shift | E29: 0 | F29: =sum(E29:E31) -> 41 | G29: Veeam, DHCP, Vmware, WSUS
C30: =B18+B20+B22 -> 251 | D30: Consolidation | E30: =E18+E20+E22 -> 35 | G30: Active Directory, SMTP, VDI
C31: =B14+B17+B21 -> 23 | D31: Lift & Shift Production | E31: =Pivot!B65 -> 6 | G31: Bastion, Fortinet
A32: Application VM | B32: =sum(C32:C34) -> 1112 | C32: =Pivot!B144 -> 157 | D32: No Lift & Shift | E32: 0 | F32: =sum(E32:E34) -> 955 | G32: Old OS (32bits, Windows 2008R2)
C33: =Pivot!B143 -> 759 | D33: Lift & Shift Production | E33: =C33 -> 759
C34: =Pivot!B142 -> 196 | D34: Lift & Shift No Production | E34: =C34 -> 196
A35: Kubernetes | B35: =sum(C35:C36) -> 87 | C35: =B4 -> 66 | D35: GKE | E35: =C35 -> 66 | F35: =sum(E35:E36) -> 66 | G35: Migrate to Google Kubernetes Engine
C36: =B5 -> 21 | D36: No Lift & Shift | E36: 0 | G36: Existing master node
A37: File Server | B37: =sum(C37) -> 23 | C37: ='GCNV Pricing'!A27 -> 23 | D37: GCNV | E37: 0 | F37: =sum(E37) -> 0 | G37: Migrate to Google Cloud Netapp Volume
A39: Total | B39: =sum(B29:B37) -> 1635 | C39: =sum(C29:C37) -> 1635 | E39: =sum(E29:E36) -> 1062 | F39: =sum(F29:F36) -> 1062
A41: Application
A43: Environment | B43: Application | C43: Machine Type | D43: Disk Type | E43: # VM
A44: Non Production | B44: All | C44: E2 | D44: Balanced | E44: =E34 -> 196
A45: Production | B45: Kalisil & Tier 1 | C45: N4 | D45: Hyperdisk Balanced | E45: =Pivot!B150
B46: Critical & Tier 1 | C46: N2D | D46: Regional SSD | E46: =Pivot!C159 -> 353
B47: Critical & Tier 2 / 3 | C47: N2D | D47: SSD | E47: =Pivot!C160+Pivot!C161 -> 134 | G47: Cloud Storage DRP Kalisil FRONT
B48: Standard & Tier 1 | C48: N2D | D48: Regional Balanced | E48: =Pivot!C155 -> 11 | G48: 1679.36
B49: Standard & Tier 2 / 3 / N/A | C49: N2D | D49: Balanced | E49: =Pivot!C156+Pivot!C157+Pivot!C154 -> 261 | G49: BDD Small VMs
G50: 1435.65
A51: Total | E51: =sum(E44:E49) -> 955
A53: Migration Strategy | B53: # VM | C53: Monthly Public Price for Compute | D53: Monthly Public Price for OS | E53: Monthly Public Price for Storage | F53: Total Monthly Public Price for VM | G53: Total Yearly Public Price for VM
A54: Lift & Shift No Production | B54: =Pivot!B166 -> 196 | C54: =Pivot!C166 -> 9801.8769 | D54: =Pivot!D166 -> 4351.536 | E54: =Pivot!E166 -> 16067.16 | F54: =Pivot!F166 -> 30220.573 | G54: =F54*12 -> 362646.87
A55: Lift & Shift Production | B55: =Pivot!B167 -> 759 | C55: =Pivot!C167 -> 55392.294 | D55: =Pivot!D167 -> 83907.368 | E55: =Pivot!E167 -> 91613.127 | F55: =Pivot!F167 -> 230912.79 | G55: =F55*12 -> 2770953.5
A56: No Lift & Shift | B56: =Pivot!B168 -> 157 | C56: =Pivot!C168 -> 0 | D56: =Pivot!D168 -> 0 | E56: =Pivot!E168 -> 0 | F56: =Pivot!F168 -> 0 | G56: =F56*12 -> 0
A58: TOTAL | B58: =sum(B54:B57) -> 1112 | C58: =sum(C54:C57) -> 65194.171 | D58: =sum(D54:D57) -> 88258.904 | E58: =sum(E54:E57) -> 107680.29 | F58: =sum(F54:F57) -> 261133.36 | G58: =sum(G54:G57) -> 3133600.3
A60: Summary
A61: CRYPT3NS + KALISIL sur PREMI3NS | B61: Détails voir tableau ligne 101
A62: Product | B62: Monthly Public Price GCP $ | C62: Yearly Public Price GCP $ | D62: Monthly Public Price Crypt3ns € | E62: Yearly Public Price Crypt3ns € | F62: Monthly Public Price Premi3ns € | G62: Yearly Public Price Premi3ns € | H62: TOTAL (CRYPT3NS + PREMI3NS) €/an
A63: Crypt3ns - Google Compute Engine (GCE) | B63: =F58+'Infra Pricing'!F5 -> 278294.21 | C63: =B63*12 -> 3339530.5 | D63: 204768 | E63: =D63*12 -> 2457216
A64: Crypt3ns - Google Kubernetes Engine (GKE) | B64: ='GKE Pricing'!D6 -> 24154.508 | C64: =B64*12 -> 289854.09 | D64: 15119.322 | E64: =D64*12 -> 181431.87
A65: Crypt3ns - Google Cloud Backup & DR (GCBDR) | B65: ='GCBDR Pricing'!C7 -> 106110 | C65: =B65*12 -> 1273320 | D65: 107395.36 | E65: =D65*12 -> 1288744.3
A66: VM Manager | B66: =('VMware Inventory'!AQ1+ 'Infra Pricing'!Q19)-Assumptions!$B$31*vlookup(A66,'SKU Pricing'!A:B,Assumptions!$B$2,0) -> 1689.75 | C66: =B66*12 -> 20277 | D66: 1656.048 | E66: =D66*12 -> 19872.576
A67: Crypt3ns - Networking & Operation | B67: =sum(B63:B64)*Assumptions!$B$32 -> 9073.4615 | C67: =B67*12 -> 108881.54 | D67: 6596.6196 | E67: =D67*12 -> 79159.435
A68: KALISIL - BDD N2 CRYPT3NS (Belgique) x7 | B68: =G50 -> 1435.65 | C68: =B68*12 -> 17227.8
A69: KALISIL - GCS FRONT CRYPT3NS (Belgique) x17 | B69: =G48 -> 1679.36 | C69: =B69*12 -> 20152.32
A70: KALISIL - 105 VM PREMI3NS | F70: 82563.88 | G70: =F70*12 -> 990766.56
A71: KALISIL - GCS FRONT PREMI3NS | F71: 2610.13 | G71: =F71*12 -> 31321.56
A72: Premi3ns - Network and Operation - 5% | F72: =SUM(F70:F71)*0.05 -> 4258.7005 | G72: =F72*12 -> 51104.406
A74: Crypt3ns + Premi3ns - Support Premium | H74: =(9000+0.09*(D75+F75))*12 -> 566965.5
A75: TOTAL | B75: =SUM(B63:B70) -> 422436.94 | C75: =SUM(C63:C70) -> 5069243.3 | D75: =SUM(D63:D70) -> 335535.35 | E75: =SUM(E63:E70) -> 4026424.1 | F75: =SUM(F63:F72) -> 89432.711 | G75: =SUM(G70:G72) -> 1073192.5 | H75: =SUM(E75+G75+H74) -> 5666582.2
A78: Price Premium CLS | B78: 0.14
A79: Conversion DOLLAR > EURO | B79: 0.85969739

Sheet VMware Inventory
A1: =COUNTA(A3:A1614) -> 1612 | C1: =sum(C3:C1614) -> 14 | G1: =sum(G3:G1614) -> 1265 | H1: =sum(H3:H1614) -> 87 | I1: =sum(I3:I1614) -> 21 | J1: =sum(J3:J1614) -> 413 | K1: =sum(K3:K1614) -> 0 | L1: =sum(L3:L1614) -> 32 | N1: =sum(N3:N1614) -> 129 | P1: =sum(P3:P1614) -> 939 | Q1: =sum(Q3:Q1614) -> 8952 | R1: =sum(R3:R1614) -> 30592 | S1: =sum(S3:S1614) -> 2068228 | U1: =sum(U3:U1614) -> 962 | W1: =sum(W3:W1614) -> 4479 | X1: =sum(X3:X1614) -> 13833 | Z1: =sum(Z3:Z1614) -> 697354 | AF1: =sum(AF3:AF1614) -> 65637.754 | AH1: =sum(AH3:AH1614) -> 88258.904 | AN1: =sum(AN3:AN1614) -> 112768.99 | AO1: =sum(AO3:AO1614) -> 266665.65 | AQ1: =sum(AQ3:AQ1614) -> 1836.3
A2: VM Name | B2: OS Name | C2: 32-bit | D2: OS Type | E2: OS | F2: OS Version | G2: Prod Env. | H2: K8S Worker Node | I2: K8S Master | J2: VM Infra | K2: File Server | L2: Old OS | M2: Application Group | N2: Kalisil? | O2: Application Tiering | P2: App Criticity | Q2: vCPU | R2: RAM (GiB) | S2: Disk (GiB) | T2: Target | U2: Lift & Shift? | V2: VM Machine Type | W2: VM vCPU | X2: VM RAM | Y2: Extended Memory? | Z2: VM Disk | AA2: VM Pricing Type | AB2: VM vCPU SKU | AC2: VM RAM SKU | AD2: VM Extended RAM | AE2: VM Up Time | AF2: Compute Monthly Pricing | AG2: VM OS SKU | AH2: OS Pricing | AI2: VM DIsk Scope | AJ2: VM Disk Type | AK2: VM DIsk SKU | AL2: VM Disk IOPS | AM2: VM Disk Throughput | AN2: Disk Pricing | AO2: Total VM Monthly Pricing | AP2: VM Manager SKU | AQ2: VM Manager Monthly Pricing | AR2: Kalisil Rep
A3: VMPROJETUNI | B3: =ifna(if(vlookup(A3,vOS!A:B,2,0)="","Unknown",vlookup(A3,vOS!A:B,2,0)),"Unknown") -> Microsoft Windows Server 2012 (64-bit) | C3: =vlookup(B3,'OS Study'!A:D,2,0) -> 0 | D3: =vlookup(B3,'OS Study'!A:D,3,0) -> Windows | E3: =vlookup(B3,'OS Study'!A:D,4,0) -> Server | F3: =vlookup(B3,'OS Study'!A:E,5,0) -> 2012 | G3: =IF(vlookup(A3,'RVtools V2.1'!A:J,4,0)="non",0,1) -> 0 | H3: =if(vlookup(A3,'RVtools V2.1'!A:K,11,0)="kube",1,0) -> 0 | I3: =if(H3=1, IF(COUNTIF(A3, "*MASTER*"), 1, 0),0) -> 0 | J3: =ifna(vlookup(A3,'Infra Study'!A:Q,17,0),0) -> 0 | K3: =IFERROR(__xludf.DUMMYFUNCTION("N(REGEXMATCH(VLOOKUP(A3, 'RVtools V2.1'!A:H, 8, 0), ""^Serveur de fichiers""))"),0.0) -> 0 | L3: =if(OR(C3=1,F3="2008 R2"),1,0) -> 0 | M3: =ifna(vlookup(A3,'RVtools V2.1'!A:I,8,0),"N/A") -> Ancien Serveur Web Incomplet | N3: =IFERROR(__xludf.DUMMYFUNCTION("IF(REGEXMATCH(M3, ""(?i)"" & JOIN(""|"", SPLIT(""kalisil"", "" ""))), 1, 0)"),0.0) -> 0 | O3: =vlookup(A3,'RVtools V2.1'!A:H,7,0) -> N/A | P3: =if(vlookup(A3,'RVtools V2.1'!A:H,5,0)="oui",1,0) -> 0 | Q3: =ifna(vlookup(A3,vCPU!A:B,2,0),"Unknown") -> 2 | R3: =ifna(vlookup(A3,vMemory!A:C,3,0),"Unknown") -> 4 | S3: =ifna(vlookup(A3,vDisk!A:C,3,0),"Unknown") -> 101 | T3: {=IFS( L3=1, "No Lift & Shift", J3=1, XLOOKUP(A3, 'Infra Study'!A:A, 'Infra Study'!P:P), I3=1, "No Lift & Shift", H3=1, "GKE", K3=1, "GCNV", G3=1, "Lift & Shift Prod", TRUE, "Lift & Shift Noprod" )} -> Lift & Shift Noprod | U3: =if(OR(T3="Lift & Shift Prod", T3="Lift & Shift Noprod"),1,0) -> 1 | V3: =if(T3="Lift & Shift Noprod",if( Y3=0,Assumptions!$B$5, Assumptions!$B$4),if(T3="Lift & Shift Prod",if(AND(N3=1,O3="T1"),Assumptions!$B$6,Assumptions!$B$4),0)) -> E2 | W3: =if(V3<>0,if(Q3="Unknown", Assumptions!$B$42,If(Q3>1,Q3,2)),0) -> 2 | X3: =if(V3<>0,if(R3="Unknown", Assumptions!$B$43,R3),0) -> 4 | Y3: =if(U3=1,if(X3/W3>8,1,0),0) -> 0 | Z3: =if(V3<>0,if( S3="Unknown", Assumptions!$B$44,S3),0) -> 101 | AA3: =if(V3 ="N2",ifna(vlookup(W3&"-"&X3,'Ref. VM'!A:B,2,0),"Custom"),if(V3 ="E2" , ifna(vlookup(W3&"-"&X3,'Ref. VM'!D:E,2,0),"Custom"),if(V3="N2D",ifna(vlookup(W3&"-"&X3,'Ref. VM'!G:H,2,0),"Custom"),if(V3="N4",ifna(vlookup(W3&"-"&X3,'Ref. VM'!J:K,2,0),"Custom"),0)))) -> Custom | AB3: =if( V3<>0,if(T3="Lift & Shift Prod",V3&"-"&AA3&" vCPUs-"&"CUD 3y",V3&"-"&AA3&" vCPUs"),0) -> E2-Custom vCPUs | AC3: =if( V3<>0,if(T3="Lift & Shift Prod",V3&"-"&AA3&" RAM-"&"CUD 3y",V3&"-"&AA3&" RAM"),0) -> E2-Custom RAM | AD3: =if(Y3=0,0,if( V3="N2D",if(T3="Lift & Shift Noprod","N2D-Extended custom memory","N2D-Extended custom memory-CUD 3y"),"N4-Extended custom memory")) -> 0 | AE3: =if(T3="Lift & Shift Prod",730,if(T3="Lift & Shift Noprod",Assumptions!$B$3,0)) -> 270 | AF3: =if( U3=0,0,if(Y3=0, ((vlookup(AB3,'SKU Pricing'!A:B,Assumptions!$B$2,0)*W3)+(vlookup(AC3,'SKU Pricing'!A:B,Assumptions!$B$2,0)*X3))*AE3,((vlookup(AB3,'SKU Pricing'!A:B,Assumptions!$B$2,0)*W3)+(vlookup(AC3,'SKU Pricing'!A:B,Assumptions!$B$2,0)*(W3*8))+(vlookup(AD3,'SKU Pricing'!A:B,Assumptions!$B$2,0)*(X3-(W3*8))))*AE3)) -> 18.191628 | AG3: =if(V3<>0, if(D3="Windows","Windows Server",if(D3="Linux",if( E3="Red Hat",if( W3<=8,"Red Hat Enterprise Linux 2-8", if(W3<128,"Red Hat Enterprise Linux 9-127","Red Hat Enterprise Linux 128")),0),0)),0) -> Windows Server | AH3: =ifna(vlookup(AG3,'SKU Pricing'!A:B,Assumptions!$B$2,0)*W3*AE3,0) -> 24.84 | AI3: =if(V3<>0, if(O3="T1","Regional",""),"") | AJ3: =if(V3<>0, if(T3="Lift & Shift Noprod",Assumptions!$B$9,if(V3=Assumptions!$B$6,Assumptions!$B$10,if(P3=1,Assumptions!$B$8,Assumptions!$B$7))),"") -> Balanced | AK3: =if( AJ3="",0,if(AI3="",AJ3,AJ3)) -> Balanced | AL3: =if(AJ3="Hyperdisk Balanced",Assumptions!$B$11,0) -> 0 | AM3: =if(AJ3="Hyperdisk Balanced",Assumptions!$B$12,0) -> 0 | AN3: =if(AK3=0,0,if(AJ3="Hyperdisk Balanced",vlookup(AK3&" provisioned space",'SKU Pricing'!A:B,Assumptions!$B$2,0)*Z3+vlookup(AK3&" provisioned IOPS",'SKU Pricing'!A:B,Assumptions!$B$2,0)*AL3*730+vlookup(AK3&" provisioned throughput",'SKU Pricing'!A:B,Assumptions!$B$2,0)*AM3*730,vlookup(AK3,'SKU Pricing'!A:B,Assumptions!$B$2,0)*Z3)) -> 11.716 | AO3: =AF3+AH3+AN3 -> 54.747628 | AP3: =if(V3<>0, "VM Manager",0) -> VM Manager | AQ3: =ifna(vlookup(AP3,'SKU Pricing'!A:B,Assumptions!$B$2,0)*AE3,0) -> 0.81 | AR3: 0
A4: vmShadoc_Mirialis | B4: =ifna(if(vlookup(A4,vOS!A:B,2,0)="","Unknown",vlookup(A4,vOS!A:B,2,0)),"Unknown") -> Debian GNU/Linux 9 (64-bit) | C4: =vlookup(B4,'OS Study'!A:D,2,0) -> 0 | D4: =vlookup(B4,'OS Study'!A:D,3,0) -> Linux | E4: =vlookup(B4,'OS Study'!A:D,4,0) -> Debian | F4: =vlookup(B4,'OS Study'!A:E,5,0) -> 9 | G4: =IF(vlookup(A4,'RVtools V2.1'!A:J,4,0)="non",0,1) -> 1 | H4: =if(vlookup(A4,'RVtools V2.1'!A:K,11,0)="kube",1,0) -> 0 | I4: =if(H4=1, IF(COUNTIF(A4, "*MASTER*"), 1, 0),0) -> 0 | J4: =ifna(vlookup(A4,'Infra Study'!A:Q,17,0),0) -> 0 | K4: =IFERROR(__xludf.DUMMYFUNCTION("N(REGEXMATCH(VLOOKUP(A4, 'RVtools V2.1'!A:H, 8, 0), ""^Serveur de fichiers""))"),0.0) -> 0 | L4: =if(OR(C4=1,F4="2008 R2"),1,0) -> 0 | M4: =ifna(vlookup(A4,'RVtools V2.1'!A:I,8,0),"N/A") -> Base de donnée Ancien CLARILAB MIRIALIS | N4: =IFERROR(__xludf.DUMMYFUNCTION("IF(REGEXMATCH(M4, ""(?i)"" & JOIN(""|"", SPLIT(""kalisil"", "" ""))), 1, 0)"),0.0) -> 0 | O4: =vlookup(A4,'RVtools V2.1'!A:H,7,0) -> T3 | P4: =if(vlookup(A4,'RVtools V2.1'!A:H,5,0)="oui",1,0) -> 0 | Q4: =ifna(vlookup(A4,vCPU!A:B,2,0),"Unknown") -> 1 | R4: =ifna(vlookup(A4,vMemory!A:C,3,0),"Unknown") -> 4 | S4: =ifna(vlookup(A4,vDisk!A:C,3,0),"Unknown") -> 5393 | T4: {=IFS( L4=1, "No Lift & Shift", J4=1, XLOOKUP(A4, 'Infra Study'!A:A, 'Infra Study'!P:P), I4=1, "No Lift & Shift", H4=1, "GKE", K4=1, "GCNV", G4=1, "Lift & Shift Prod", TRUE, "Lift & Shift Noprod" )} -> Lift & Shift Prod | U4: =if(OR(T4="Lift & Shift Prod", T4="Lift & Shift Noprod"),1,0) -> 1 | V4: =if(T4="Lift & Shift Noprod",if( Y4=0,Assumptions!$B$5, Assumptions!$B$4),if(T4="Lift & Shift Prod",if(AND(N4=1,O4="T1"),Assumptions!$B$6,Assumptions!$B$4),0)) -> N2D | W4: =if(V4<>0,if(Q4="Unknown", Assumptions!$B$42,If(Q4>1,Q4,2)),0) -> 2 | X4: =if(V4<>0,if(R4="Unknown", Assumptions!$B$43,R4),0) -> 4 | Y4: =if(U4=1,if(X4/W4>8,1,0),0) -> 0 | Z4: =if(V4<>0,if( S4="Unknown", Assumptions!$B$44,S4),0) -> 5393 | AA4: =if(V4 ="N2",ifna(vlookup(W4&"-"&X4,'Ref. VM'!A:B,2,0),"Custom"),if(V4 ="E2" , ifna(vlookup(W4&"-"&X4,'Ref. VM'!D:E,2,0),"Custom"),if(V4="N2D",ifna(vlookup(W4&"-"&X4,'Ref. VM'!G:H,2,0),"Custom"),if(V4="N4",ifna(vlookup(W4&"-"&X4,'Ref. VM'!J:K,2,0),"Custom"),0)))) -> Custom | AB4: =if( V4<>0,if(T4="Lift & Shift Prod",V4&"-"&AA4&" vCPUs-"&"CUD 3y",V4&"-"&AA4&" vCPUs"),0) -> N2D-Custom vCPUs-CUD 3y | AC4: =if( V4<>0,if(T4="Lift & Shift Prod",V4&"-"&AA4&" RAM-"&"CUD 3y",V4&"-"&AA4&" RAM"),0) -> N2D-Custom RAM-CUD 3y | AD4: =if(Y4=0,0,if( V4="N2D",if(T4="Lift & Shift Noprod","N2D-Extended custom memory","N2D-Extended custom memory-CUD 3y"),"N4-Extended custom memory")) -> 0 | AE4: =if(T4="Lift & Shift Prod",730,if(T4="Lift & Shift Noprod",Assumptions!$B$3,0)) -> 730 | AF4: =if( U4=0,0,if(Y4=0, ((vlookup(AB4,'SKU Pricing'!A:B,Assumptions!$B$2,0)*W4)+(vlookup(AC4,'SKU Pricing'!A:B,Assumptions!$B$2,0)*X4))*AE4,((vlookup(AB4,'SKU Pricing'!A:B,Assumptions!$B$2,0)*W4)+(vlookup(AC4,'SKU Pricing'!A:B,Assumptions!$B$2,0)*(W4*8))+(vlookup(AD4,'SKU Pricing'!A:B,Assumptions!$B$2,0)*(X4-(W4*8))))*AE4)) -> 27.908326 | AG4: =if(V4<>0, if(D4="Windows","Windows Server",if(D4="Linux",if( E4="Red Hat",if( W4<=8,"Red Hat Enterprise Linux 2-8", if(W4<128,"Red Hat Enterprise Linux 9-127","Red Hat Enterprise Linux 128")),0),0)),0) -> 0 | AH4: =ifna(vlookup(AG4,'SKU Pricing'!A:B,Assumptions!$B$2,0)*W4*AE4,0) -> 0 | AI4: =if(V4<>0, if(O4="T1","Regional",""),"") | AJ4: =if(V4<>0, if(T4="Lift & Shift Noprod",Assumptions!$B$9,if(V4=Assumptions!$B$6,Assumptions!$B$10,if(P4=1,Assumptions!$B$8,Assumptions!$B$7))),"") -> Balanced | AK4: =if( AJ4="",0,if(AI4="",AJ4,AJ4)) -> Balanced | AL4: =if(AJ4="Hyperdisk Balanced",Assumptions!$B$11,0) -> 0 | AM4: =if(AJ4="Hyperdisk Balanced",Assumptions!$B$12,0) -> 0 | AN4: =if(AK4=0,0,if(AJ4="Hyperdisk Balanced",vlookup(AK4&" provisioned space",'SKU Pricing'!A:B,Assumptions!$B$2,0)*Z4+vlookup(AK4&" provisioned IOPS",'SKU Pricing'!A:B,Assumptions!$B$2,0)*AL4*730+vlookup(AK4&" provisioned throughput",'SKU Pricing'!A:B,Assumptions!$B$2,0)*AM4*730,vlookup(AK4,'SKU Pricing'!A:B,Assumptions!$B$2,0)*Z4)) -> 625.588 | AO4: =AF4+AH4+AN4 -> 653.49633 | AP4: =if(V4<>0, "VM Manager",0) -> VM Manager | AQ4: =ifna(vlookup(AP4,'SKU Pricing'!A:B,Assumptions!$B$2,0)*AE4,0) -> 2.19 | AR4: 0
A5: DYO-2K8R2-SCANB | B5: =ifna(if(vlookup(A5,vOS!A:B,2,0)="","Unknown",vlookup(A5,vOS!A:B,2,0)),"Unknown") -> Microsoft Windows Server 2008 R2 (64-bit) | C5: =vlookup(B5,'OS Study'!A:D,2,0) -> 0 | D5: =vlookup(B5,'OS Study'!A:D,3,0) -> Windows | E5: =vlookup(B5,'OS Study'!A:D,4,0) -> Server | F5: =vlookup(B5,'OS Study'!A:E,5,0) -> 2008 R2 | G5: =IF(vlookup(A5,'RVtools V2.1'!A:J,4,0)="non",0,1) -> 0 | H5: =if(vlookup(A5,'RVtools V2.1'!A:K,11,0)="kube",1,0) -> 0 | I5: =if(H5=1, IF(COUNTIF(A5, "*MASTER*"), 1, 0),0) -> 0 | J5: =ifna(vlookup(A5,'Infra Study'!A:Q,17,0),0) -> 0 | K5: =IFERROR(__xludf.DUMMYFUNCTION("N(REGEXMATCH(VLOOKUP(A5, 'RVtools V2.1'!A:H, 8, 0), ""^Serveur de fichiers""))"),0.0) -> 0 | L5: =if(OR(C5=1,F5="2008 R2"),1,0) -> 1 | M5: =ifna(vlookup(A5,'RVtools V2.1'!A:I,8,0),"N/A") -> ScanBAC - RAL | N5: =IFERROR(__xludf.DUMMYFUNCTION("IF(REGEXMATCH(M5, ""(?i)"" & JOIN(""|"", SPLIT(""kalisil"", "" ""))), 1, 0)"),0.0) -> 0 | O5: =vlookup(A5,'RVtools V2.1'!A:H,7,0) -> N/A | P5: =if(vlookup(A5,'RVtools V2.1'!A:H,5,0)="oui",1,0) -> 0 | Q5: =ifna(vlookup(A5,vCPU!A:B,2,0),"Unknown") -> 2 | R5: =ifna(vlookup(A5,vMemory!A:C,3,0),"Unknown") -> 8 | S5: =ifna(vlookup(A5,vDisk!A:C,3,0),"Unknown") -> 270 | T5: {=IFS( L5=1, "No Lift & Shift", J5=1, XLOOKUP(A5, 'Infra Study'!A:A, 'Infra Study'!P:P), I5=1, "No Lift & Shift", H5=1, "GKE", K5=1, "GCNV", G5=1, "Lift & Shift Prod", TRUE, "Lift & Shift Noprod" )} -> No Lift & Shift | U5: =if(OR(T5="Lift & Shift Prod", T5="Lift & Shift Noprod"),1,0) -> 0 | V5: =if(T5="Lift & Shift Noprod",if( Y5=0,Assumptions!$B$5, Assumptions!$B$4),if(T5="Lift & Shift Prod",if(AND(N5=1,O5="T1"),Assumptions!$B$6,Assumptions!$B$4),0)) -> 0 | W5: =if(V5<>0,if(Q5="Unknown", Assumptions!$B$42,If(Q5>1,Q5,2)),0) -> 0 | X5: =if(V5<>0,if(R5="Unknown", Assumptions!$B$43,R5),0) -> 0 | Y5: =if(U5=1,if(X5/W5>8,1,0),0) -> 0 | Z5: =if(V5<>0,if( S5="Unknown", Assumptions!$B$44,S5),0) -> 0 | AA5: =if(V5 ="N2",ifna(vlookup(W5&"-"&X5,'Ref. VM'!A:B,2,0),"Custom"),if(V5 ="E2" , ifna(vlookup(W5&"-"&X5,'Ref. VM'!D:E,2,0),"Custom"),if(V5="N2D",ifna(vlookup(W5&"-"&X5,'Ref. VM'!G:H,2,0),"Custom"),if(V5="N4",ifna(vlookup(W5&"-"&X5,'Ref. VM'!J:K,2,0),"Custom"),0)))) -> 0 | AB5: =if( V5<>0,if(T5="Lift & Shift Prod",V5&"-"&AA5&" vCPUs-"&"CUD 3y",V5&"-"&AA5&" vCPUs"),0) -> 0 | AC5: =if( V5<>0,if(T5="Lift & Shift Prod",V5&"-"&AA5&" RAM-"&"CUD 3y",V5&"-"&AA5&" RAM"),0) -> 0 | AD5: =if(Y5=0,0,if( V5="N2D",if(T5="Lift & Shift Noprod","N2D-Extended custom memory","N2D-Extended custom memory-CUD 3y"),"N4-Extended custom memory")) -> 0 | AE5: =if(T5="Lift & Shift Prod",730,if(T5="Lift & Shift Noprod",Assumptions!$B$3,0)) -> 0 | AF5: =if( U5=0,0,if(Y5=0, ((vlookup(AB5,'SKU Pricing'!A:B,Assumptions!$B$2,0)*W5)+(vlookup(AC5,'SKU Pricing'!A:B,Assumptions!$B$2,0)*X5))*AE5,((vlookup(AB5,'SKU Pricing'!A:B,Assumptions!$B$2,0)*W5)+(vlookup(AC5,'SKU Pricing'!A:B,Assumptions!$B$2,0)*(W5*8))+(vlookup(AD5,'SKU Pricing'!A:B,Assumptions!$B$2,0)*(X5-(W5*8))))*AE5)) -> 0 | AG5: =if(V5<>0, if(D5="Windows","Windows Server",if(D5="Linux",if( E5="Red Hat",if( W5<=8,"Red Hat Enterprise Linux 2-8", if(W5<128,"Red Hat Enterprise Linux 9-127","Red Hat Enterprise Linux 128")),0),0)),0) -> 0 | AH5: =ifna(vlookup(AG5,'SKU Pricing'!A:B,Assumptions!$B$2,0)*W5*AE5,0) -> 0 | AI5: =if(V5<>0, if(O5="T1","Regional",""),"") | AJ5: =if(V5<>0, if(T5="Lift & Shift Noprod",Assumptions!$B$9,if(V5=Assumptions!$B$6,Assumptions!$B$10,if(P5=1,Assumptions!$B$8,Assumptions!$B$7))),"") | AK5: =if( AJ5="",0,if(AI5="",AJ5,AJ5)) -> 0 | AL5: =if(AJ5="Hyperdisk Balanced",Assumptions!$B$11,0) -> 0 | AM5: =if(AJ5="Hyperdisk Balanced",Assumptions!$B$12,0) -> 0 | AN5: =if(AK5=0,0,if(AJ5="Hyperdisk Balanced",vlookup(AK5&" provisioned space",'SKU Pricing'!A:B,Assumptions!$B$2,0)*Z5+vlookup(AK5&" provisioned IOPS",'SKU Pricing'!A:B,Assumptions!$B$2,0)*AL5*730+vlookup(AK5&" provisioned throughput",'SKU Pricing'!A:B,Assumptions!$B$2,0)*AM5*730,vlookup(AK5,'SKU Pricing'!A:B,Assumptions!$B$2,0)*Z5)) -> 0 | AO5: =AF5+AH5+AN5 -> 0 | AP5: =if(V5<>0, "VM Manager",0) -> 0 | AQ5: =ifna(vlookup(AP5,'SKU Pricing'!A:B,Assumptions!$B$2,0)*AE5,0) -> 0 | AR5: 0
A6: AURA-BDG01 | B6: =ifna(if(vlookup(A6,vOS!A:B,2,0)="","Unknown",vlookup(A6,vOS!A:B,2,0)),"Unknown") -> Microsoft Windows Server 2022 (64-bit) | C6: =vlookup(B6,'OS Study'!A:D,2,0) -> 0 | D6: =vlookup(B6,'OS Study'!A:D,3,0) -> Windows | E6: =vlookup(B6,'OS Study'!A:D,4,0) -> Server | F6: =vlookup(B6,'OS Study'!A:E,5,0) -> 2022 | G6: =IF(vlookup(A6,'RVtools V2.1'!A:J,4,0)="non",0,1) -> 1 | H6: =if(vlookup(A6,'RVtools V2.1'!A:K,11,0)="kube",1,0) -> 0 | I6: =if(H6=1, IF(COUNTIF(A6, "*MASTER*"), 1, 0),0) -> 0 | J6: =ifna(vlookup(A6,'Infra Study'!A:Q,17,0),0) -> 0 | K6: =IFERROR(__xludf.DUMMYFUNCTION("N(REGEXMATCH(VLOOKUP(A6, 'RVtools V2.1'!A:H, 8, 0), ""^Serveur de fichiers""))"),0.0) -> 0 | L6: =if(OR(C6=1,F6="2008 R2"),1,0) -> 0 | M6: =ifna(vlookup(A6,'RVtools V2.1'!A:I,8,0),"N/A") -> Badgeage - RAL | N6: =IFERROR(__xludf.DUMMYFUNCTION("IF(REGEXMATCH(M6, ""(?i)"" & JOIN(""|"", SPLIT(""kalisil"", "" ""))), 1, 0)"),0.0) -> 0 | O6: =vlookup(A6,'RVtools V2.1'!A:H,7,0) -> T3 | P6: =if(vlookup(A6,'RVtools V2.1'!A:H,5,0)="oui",1,0) -> 0 | Q6: =ifna(vlookup(A6,vCPU!A:B,2,0),"Unknown") -> 4 | R6: =ifna(vlookup(A6,vMemory!A:C,3,0),"Unknown") -> 8 | S6: =ifna(vlookup(A6,vDisk!A:C,3,0),"Unknown") -> 156 | T6: {=IFS( L6=1, "No Lift & Shift", J6=1, XLOOKUP(A6, 'Infra Study'!A:A, 'Infra Study'!P:P), I6=1, "No Lift & Shift", H6=1, "GKE", K6=1, "GCNV", G6=1, "Lift & Shift Prod", TRUE, "Lift & Shift Noprod" )} -> Lift & Shift Prod | U6: =if(OR(T6="Lift & Shift Prod", T6="Lift & Shift Noprod"),1,0) -> 1 | V6: =if(T6="Lift & Shift Noprod",if( Y6=0,Assumptions!$B$5, Assumptions!$B$4),if(T6="Lift & Shift Prod",if(AND(N6=1,O6="T1"),Assumptions!$B$6,Assumptions!$B$4),0)) -> N2D | W6: =if(V6<>0,if(Q6="Unknown", Assumptions!$B$42,If(Q6>1,Q6,2)),0) -> 4 | X6: =if(V6<>0,if(R6="Unknown", Assumptions!$B$43,R6),0) -> 8 | Y6: =if(U6=1,if(X6/W6>8,1,0),0) -> 0 | Z6: =if(V6<>0,if( S6="Unknown", Assumptions!$B$44,S6),0) -> 156 | AA6: =if(V6 ="N2",ifna(vlookup(W6&"-"&X6,'Ref. VM'!A:B,2,0),"Custom"),if(V6 ="E2" , ifna(vlookup(W6&"-"&X6,'Ref. VM'!D:E,2,0),"Custom"),if(V6="N2D",ifna(vlookup(W6&"-"&X6,'Ref. VM'!G:H,2,0),"Custom"),if(V6="N4",ifna(vlookup(W6&"-"&X6,'Ref. VM'!J:K,2,0),"Custom"),0)))) -> Custom | AB6: =if( V6<>0,if(T6="Lift & Shift Prod",V6&"-"&AA6&" vCPUs-"&"CUD 3y",V6&"-"&AA6&" vCPUs"),0) -> N2D-Custom vCPUs-CUD 3y | AC6: =if( V6<>0,if(T6="Lift & Shift Prod",V6&"-"&AA6&" RAM-"&"CUD 3y",V6&"-"&AA6&" RAM"),0) -> N2D-Custom RAM-CUD 3y | AD6: =if(Y6=0,0,if( V6="N2D",if(T6="Lift & Shift Noprod","N2D-Extended custom memory","N2D-Extended custom memory-CUD 3y"),"N4-Extended custom memory")) -> 0 | AE6: =if(T6="Lift & Shift Prod",730,if(T6="Lift & Shift Noprod",Assumptions!$B$3,0)) -> 730 | AF6: =if( U6=0,0,if(Y6=0, ((vlookup(AB6,'SKU Pricing'!A:B,Assumptions!$B$2,0)*W6)+(vlookup(AC6,'SKU Pricing'!A:B,Assumptions!$B$2,0)*X6))*AE6,((vlookup(AB6,'SKU Pricing'!A:B,Assumptions!$B$2,0)*W6)+(vlookup(AC6,'SKU Pricing'!A:B,Assumptions!$B$2,0)*(W6*8))+(vlookup(AD6,'SKU Pricing'!A:B,Assumptions!$B$2,0)*(X6-(W6*8))))*AE6)) -> 55.816653 | AG6: =if(V6<>0, if(D6="Windows","Windows Server",if(D6="Linux",if( E6="Red Hat",if( W6<=8,"Red Hat Enterprise Linux 2-8", if(W6<128,"Red Hat Enterprise Linux 9-127","Red Hat Enterprise Linux 128")),0),0)),0) -> Windows Server | AH6: =ifna(vlookup(AG6,'SKU Pricing'!A:B,Assumptions!$B$2,0)*W6*AE6,0) -> 134.32 | AI6: =if(V6<>0, if(O6="T1","Regional",""),"") | AJ6: =if(V6<>0, if(T6="Lift & Shift Noprod",Assumptions!$B$9,if(V6=Assumptions!$B$6,Assumptions!$B$10,if(P6=1,Assumptions!$B$8,Assumptions!$B$7))),"") -> Balanced | AK6: =if( AJ6="",0,if(AI6="",AJ6,AJ6)) -> Balanced | AL6: =if(AJ6="Hyperdisk Balanced",Assumptions!$B$11,0) -> 0 | AM6: =if(AJ6="Hyperdisk Balanced",Assumptions!$B$12,0) -> 0 | AN6: =if(AK6=0,0,if(AJ6="Hyperdisk Balanced",vlookup(AK6&" provisioned space",'SKU Pricing'!A:B,Assumptions!$B$2,0)*Z6+vlookup(AK6&" provisioned IOPS",'SKU Pricing'!A:B,Assumptions!$B$2,0)*AL6*730+vlookup(AK6&" provisioned throughput",'SKU Pricing'!A:B,Assumptions!$B$2,0)*AM6*730,vlookup(AK6,'SKU Pricing'!A:B,Assumptions!$B$2,0)*Z6)) -> 18.096 | AO6: =AF6+AH6+AN6 -> 208.23265 | AP6: =if(V6<>0, "VM Manager",0) -> VM Manager | AQ6: =ifna(vlookup(AP6,'SKU Pricing'!A:B,Assumptions!$B$2,0)*AE6,0) -> 2.19 | AR6: 0
A7: ORI-COMPTA01 | B7: =ifna(if(vlookup(A7,vOS!A:B,2,0)="","Unknown",vlookup(A7,vOS!A:B,2,0)),"Unknown") -> Microsoft Windows Server 2022 (64-bit) | C7: =vlookup(B7,'OS Study'!A:D,2,0) -> 0 | D7: =vlookup(B7,'OS Study'!A:D,3,0) -> Windows | E7: =vlookup(B7,'OS Study'!A:D,4,0) -> Server | F7: =vlookup(B7,'OS Study'!A:E,5,0) -> 2022 | G7: =IF(vlookup(A7,'RVtools V2.1'!A:J,4,0)="non",0,1) -> 1 | H7: =if(vlookup(A7,'RVtools V2.1'!A:K,11,0)="kube",1,0) -> 0 | I7: =if(H7=1, IF(COUNTIF(A7, "*MASTER*"), 1, 0),0) -> 0 | J7: =ifna(vlookup(A7,'Infra Study'!A:Q,17,0),0) -> 0 | K7: =IFERROR(__xludf.DUMMYFUNCTION("N(REGEXMATCH(VLOOKUP(A7, 'RVtools V2.1'!A:H, 8, 0), ""^Serveur de fichiers""))"),0.0) -> 0 | L7: =if(OR(C7=1,F7="2008 R2"),1,0) -> 0 | M7: =ifna(vlookup(A7,'RVtools V2.1'!A:I,8,0),"N/A") -> Serveur Compta Oriade | N7: =IFERROR(__xludf.DUMMYFUNCTION("IF(REGEXMATCH(M7, ""(?i)"" & JOIN(""|"", SPLIT(""kalisil"", "" ""))), 1, 0)"),0.0) -> 0 | O7: =vlookup(A7,'RVtools V2.1'!A:H,7,0) -> T1 | P7: =if(vlookup(A7,'RVtools V2.1'!A:H,5,0)="oui",1,0) -> 1 | Q7: =ifna(vlookup(A7,vCPU!A:B,2,0),"Unknown") -> 2 | R7: =ifna(vlookup(A7,vMemory!A:C,3,0),"Unknown") -> 8 | S7: =ifna(vlookup(A7,vDisk!A:C,3,0),"Unknown") -> 58 | T7: {=IFS( L7=1, "No Lift & Shift", J7=1, XLOOKUP(A7, 'Infra Study'!A:A, 'Infra Study'!P:P), I7=1, "No Lift & Shift", H7=1, "GKE", K7=1, "GCNV", G7=1, "Lift & Shift Prod", TRUE, "Lift & Shift Noprod" )} -> Lift & Shift Prod | U7: =if(OR(T7="Lift & Shift Prod", T7="Lift & Shift Noprod"),1,0) -> 1 | V7: =if(T7="Lift & Shift Noprod",if( Y7=0,Assumptions!$B$5, Assumptions!$B$4),if(T7="Lift & Shift Prod",if(AND(N7=1,O7="T1"),Assumptions!$B$6,Assumptions!$B$4),0)) -> N2D | W7: =if(V7<>0,if(Q7="Unknown", Assumptions!$B$42,If(Q7>1,Q7,2)),0) -> 2 | X7: =if(V7<>0,if(R7="Unknown", Assumptions!$B$43,R7),0) -> 8 | Y7: =if(U7=1,if(X7/W7>8,1,0),0) -> 0 | Z7: =if(V7<>0,if( S7="Unknown", Assumptions!$B$44,S7),0) -> 58 | AA7: =if(V7 ="N2",ifna(vlookup(W7&"-"&X7,'Ref. VM'!A:B,2,0),"Custom"),if(V7 ="E2" , ifna(vlookup(W7&"-"&X7,'Ref. VM'!D:E,2,0),"Custom"),if(V7="N2D",ifna(vlookup(W7&"-"&X7,'Ref. VM'!G:H,2,0),"Custom"),if(V7="N4",ifna(vlookup(W7&"-"&X7,'Ref. VM'!J:K,2,0),"Custom"),0)))) -> Custom | AB7: =if( V7<>0,if(T7="Lift & Shift Prod",V7&"-"&AA7&" vCPUs-"&"CUD 3y",V7&"-"&AA7&" vCPUs"),0) -> N2D-Custom vCPUs-CUD 3y | AC7: =if( V7<>0,if(T7="Lift & Shift Prod",V7&"-"&AA7&" RAM-"&"CUD 3y",V7&"-"&AA7&" RAM"),0) -> N2D-Custom RAM-CUD 3y | AD7: =if(Y7=0,0,if( V7="N2D",if(T7="Lift & Shift Noprod","N2D-Extended custom memory","N2D-Extended custom memory-CUD 3y"),"N4-Extended custom memory")) -> 0 | AE7: =if(T7="Lift & Shift Prod",730,if(T7="Lift & Shift Noprod",Assumptions!$B$3,0)) -> 730 | AF7: =if( U7=0,0,if(Y7=0, ((vlookup(AB7,'SKU Pricing'!A:B,Assumptions!$B$2,0)*W7)+(vlookup(AC7,'SKU Pricing'!A:B,Assumptions!$B$2,0)*X7))*AE7,((vlookup(AB7,'SKU Pricing'!A:B,Assumptions!$B$2,0)*W7)+(vlookup(AC7,'SKU Pricing'!A:B,Assumptions!$B$2,0)*(W7*8))+(vlookup(AD7,'SKU Pricing'!A:B,Assumptions!$B$2,0)*(X7-(W7*8))))*AE7)) -> 33.808659 | AG7: =if(V7<>0, if(D7="Windows","Windows Server",if(D7="Linux",if( E7="Red Hat",if( W7<=8,"Red Hat Enterprise Linux 2-8", if(W7<128,"Red Hat Enterprise Linux 9-127","Red Hat Enterprise Linux 128")),0),0)),0) -> Windows Server | AH7: =ifna(vlookup(AG7,'SKU Pricing'!A:B,Assumptions!$B$2,0)*W7*AE7,0) -> 67.16 | AI7: =if(V7<>0, if(O7="T1","Regional",""),"") -> Regional | AJ7: =if(V7<>0, if(T7="Lift & Shift Noprod",Assumptions!$B$9,if(V7=Assumptions!$B$6,Assumptions!$B$10,if(P7=1,Assumptions!$B$8,Assumptions!$B$7))),"") -> SSD | AK7: =if( AJ7="",0,if(AI7="",AJ7,AJ7)) -> SSD | AL7: =if(AJ7="Hyperdisk Balanced",Assumptions!$B$11,0) -> 0 | AM7: =if(AJ7="Hyperdisk Balanced",Assumptions!$B$12,0) -> 0 | AN7: =if(AK7=0,0,if(AJ7="Hyperdisk Balanced",vlookup(AK7&" provisioned space",'SKU Pricing'!A:B,Assumptions!$B$2,0)*Z7+vlookup(AK7&" provisioned IOPS",'SKU Pricing'!A:B,Assumptions!$B$2,0)*AL7*730+vlookup(AK7&" provisioned throughput",'SKU Pricing'!A:B,Assumptions!$B$2,0)*AM7*730,vlookup(AK7,'SKU Pricing'!A:B,Assumptions!$B$2,0)*Z7)) -> 11.426 | AO7: =AF7+AH7+AN7 -> 112.39466 | AP7: =if(V7<>0, "VM Manager",0) -> VM Manager | AQ7: =ifna(vlookup(AP7,'SKU Pricing'!A:B,Assumptions!$B$2,0)*AE7,0) -> 2.19 | AR7: 0
A8: ORI-SRV-INFEC | B8: =ifna(if(vlookup(A8,vOS!A:B,2,0)="","Unknown",vlookup(A8,vOS!A:B,2,0)),"Unknown") -> Microsoft Windows Server 2012 (64-bit) | C8: =vlookup(B8,'OS Study'!A:D,2,0) -> 0 | D8: =vlookup(B8,'OS Study'!A:D,3,0) -> Windows | E8: =vlookup(B8,'OS Study'!A:D,4,0) -> Server | F8: =vlookup(B8,'OS Study'!A:E,5,0) -> 2012 | G8: =IF(vlookup(A8,'RVtools V2.1'!A:J,4,0)="non",0,1) -> 0 | H8: =if(vlookup(A8,'RVtools V2.1'!A:K,11,0)="kube",1,0) -> 0 | I8: =if(H8=1, IF(COUNTIF(A8, "*MASTER*"), 1, 0),0) -> 0 | J8: =ifna(vlookup(A8,'Infra Study'!A:Q,17,0),0) -> 0 | K8: =IFERROR(__xludf.DUMMYFUNCTION("N(REGEXMATCH(VLOOKUP(A8, 'RVtools V2.1'!A:H, 8, 0), ""^Serveur de fichiers""))"),0.0) -> 0 | L8: =if(OR(C8=1,F8="2008 R2"),1,0) -> 0 | M8: =ifna(vlookup(A8,'RVtools V2.1'!A:I,8,0),"N/A") -> Infectio - ALI | N8: =IFERROR(__xludf.DUMMYFUNCTION("IF(REGEXMATCH(M8, ""(?i)"" & JOIN(""|"", SPLIT(""kalisil"", "" ""))), 1, 0)"),0.0) -> 0 | O8: =vlookup(A8,'RVtools V2.1'!A:H,7,0) -> N/A | P8: =if(vlookup(A8,'RVtools V2.1'!A:H,5,0)="oui",1,0) -> 0 | Q8: =ifna(vlookup(A8,vCPU!A:B,2,0),"Unknown") -> 2 | R8: =ifna(vlookup(A8,vMemory!A:C,3,0),"Unknown") -> 8 | S8: =ifna(vlookup(A8,vDisk!A:C,3,0),"Unknown") -> 237 | T8: {=IFS( L8=1, "No Lift & Shift", J8=1, XLOOKUP(A8, 'Infra Study'!A:A, 'Infra Study'!P:P), I8=1, "No Lift & Shift", H8=1, "GKE", K8=1, "GCNV", G8=1, "Lift & Shift Prod", TRUE, "Lift & Shift Noprod" )} -> Lift & Shift Noprod | U8: =if(OR(T8="Lift & Shift Prod", T8="Lift & Shift Noprod"),1,0) -> 1 | V8: =if(T8="Lift & Shift Noprod",if( Y8=0,Assumptions!$B$5, Assumptions!$B$4),if(T8="Lift & Shift Prod",if(AND(N8=1,O8="T1"),Assumptions!$B$6,Assumptions!$B$4),0)) -> E2 | W8: =if(V8<>0,if(Q8="Unknown", Assumptions!$B$42,If(Q8>1,Q8,2)),0) -> 2 | X8: =if(V8<>0,if(R8="Unknown", Assumptions!$B$43,R8),0) -> 8 | Y8: =if(U8=1,if(X8/W8>8,1,0),0) -> 0 | Z8: =if(V8<>0,if( S8="Unknown", Assumptions!$B$44,S8),0) -> 237 | AA8: =if(V8 ="N2",ifna(vlookup(W8&"-"&X8,'Ref. VM'!A:B,2,0),"Custom"),if(V8 ="E2" , ifna(vlookup(W8&"-"&X8,'Ref. VM'!D:E,2,0),"Custom"),if(V8="N2D",ifna(vlookup(W8&"-"&X8,'Ref. VM'!G:H,2,0),"Custom"),if(V8="N4",ifna(vlookup(W8&"-"&X8,'Ref. VM'!J:K,2,0),"Custom"),0)))) -> Custom | AB8: =if( V8<>0,if(T8="Lift & Shift Prod",V8&"-"&AA8&" vCPUs-"&"CUD 3y",V8&"-"&AA8&" vCPUs"),0) -> E2-Custom vCPUs | AC8: =if( V8<>0,if(T8="Lift & Shift Prod",V8&"-"&AA8&" RAM-"&"CUD 3y",V8&"-"&AA8&" RAM"),0) -> E2-Custom RAM | AD8: =if(Y8=0,0,if( V8="N2D",if(T8="Lift & Shift Noprod","N2D-Extended custom memory","N2D-Extended custom memory-CUD 3y"),"N4-Extended custom memory")) -> 0 | AE8: =if(T8="Lift & Shift Prod",730,if(T8="Lift & Shift Noprod",Assumptions!$B$3,0)) -> 270 | AF8: =if( U8=0,0,if(Y8=0, ((vlookup(AB8,'SKU Pricing'!A:B,Assumptions!$B$2,0)*W8)+(vlookup(AC8,'SKU Pricing'!A:B,Assumptions!$B$2,0)*X8))*AE8,((vlookup(AB8,'SKU Pricing'!A:B,Assumptions!$B$2,0)*W8)+(vlookup(AC8,'SKU Pricing'!A:B,Assumptions!$B$2,0)*(W8*8))+(vlookup(AD8,'SKU Pricing'!A:B,Assumptions!$B$2,0)*(X8-(W8*8))))*AE8)) -> 22.037022 | AG8: =if(V8<>0, if(D8="Windows","Windows Server",if(D8="Linux",if( E8="Red Hat",if( W8<=8,"Red Hat Enterprise Linux 2-8", if(W8<128,"Red Hat Enterprise Linux 9-127","Red Hat Enterprise Linux 128")),0),0)),0) -> Windows Server | AH8: =ifna(vlookup(AG8,'SKU Pricing'!A:B,Assumptions!$B$2,0)*W8*AE8,0) -> 24.84 | AI8: =if(V8<>0, if(O8="T1","Regional",""),"") | AJ8: =if(V8<>0, if(T8="Lift & Shift Noprod",Assumptions!$B$9,if(V8=Assumptions!$B$6,Assumptions!$B$10,if(P8=1,Assumptions!$B$8,Assumptions!$B$7))),"") -> Balanced | AK8: =if( AJ8="",0,if(AI8="",AJ8,AJ8)) -> Balanced | AL8: =if(AJ8="Hyperdisk Balanced",Assumptions!$B$11,0) -> 0 | AM8: =if(AJ8="Hyperdisk Balanced",Assumptions!$B$12,0) -> 0 | AN8: =if(AK8=0,0,if(AJ8="Hyperdisk Balanced",vlookup(AK8&" provisioned space",'SKU Pricing'!A:B,Assumptions!$B$2,0)*Z8+vlookup(AK8&" provisioned IOPS",'SKU Pricing'!A:B,Assumptions!$B$2,0)*AL8*730+vlookup(AK8&" provisioned throughput",'SKU Pricing'!A:B,Assumptions!$B$2,0)*AM8*730,vlookup(AK8,'SKU Pricing'!A:B,Assumptions!$B$2,0)*Z8)) -> 27.492 | AO8: =AF8+AH8+AN8 -> 74.369022 | AP8: =if(V8<>0, "VM Manager",0) -> VM Manager | AQ8: =ifna(vlookup(AP8,'SKU Pricing'!A:B,Assumptions!$B$2,0)*AE8,0) -> 0.81 | AR8: 0
A9: VMRDP | B9: =ifna(if(vlookup(A9,vOS!A:B,2,0)="","Unknown",vlookup(A9,vOS!A:B,2,0)),"Unknown") -> Microsoft Windows Server 2012 (64-bit) | C9: =vlookup(B9,'OS Study'!A:D,2,0) -> 0 | D9: =vlookup(B9,'OS Study'!A:D,3,0) -> Windows | E9: =vlookup(B9,'OS Study'!A:D,4,0) -> Server | F9: =vlookup(B9,'OS Study'!A:E,5,0) -> 2012 | G9: =IF(vlookup(A9,'RVtools V2.1'!A:J,4,0)="non",0,1) -> 1 | H9: =if(vlookup(A9,'RVtools V2.1'!A:K,11,0)="kube",1,0) -> 0 | I9: =if(H9=1, IF(COUNTIF(A9, "*MASTER*"), 1, 0),0) -> 0 | J9: =ifna(vlookup(A9,'Infra Study'!A:Q,17,0),0) -> 0 | K9: =IFERROR(__xludf.DUMMYFUNCTION("N(REGEXMATCH(VLOOKUP(A9, 'RVtools V2.1'!A:H, 8, 0), ""^Serveur de fichiers""))"),0.0) -> 0 | L9: =if(OR(C9=1,F9="2008 R2"),1,0) -> 0 | M9: =ifna(vlookup(A9,'RVtools V2.1'!A:I,8,0),"N/A") -> Infra - TSE | N9: =IFERROR(__xludf.DUMMYFUNCTION("IF(REGEXMATCH(M9, ""(?i)"" & JOIN(""|"", SPLIT(""kalisil"", "" ""))), 1, 0)"),0.0) -> 0 | O9: =vlookup(A9,'RVtools V2.1'!A:H,7,0) -> T2 | P9: =if(vlookup(A9,'RVtools V2.1'!A:H,5,0)="oui",1,0) -> 1 | Q9: =ifna(vlookup(A9,vCPU!A:B,2,0),"Unknown") -> 4 | R9: =ifna(vlookup(A9,vMemory!A:C,3,0),"Unknown") -> 16 | S9: =ifna(vlookup(A9,vDisk!A:C,3,0),"Unknown") -> 199 | T9: {=IFS( L9=1, "No Lift & Shift", J9=1, XLOOKUP(A9, 'Infra Study'!A:A, 'Infra Study'!P:P), I9=1, "No Lift & Shift", H9=1, "GKE", K9=1, "GCNV", G9=1, "Lift & Shift Prod", TRUE, "Lift & Shift Noprod" )} -> Lift & Shift Prod | U9: =if(OR(T9="Lift & Shift Prod", T9="Lift & Shift Noprod"),1,0) -> 1 | V9: =if(T9="Lift & Shift Noprod",if( Y9=0,Assumptions!$B$5, Assumptions!$B$4),if(T9="Lift & Shift Prod",if(AND(N9=1,O9="T1"),Assumptions!$B$6,Assumptions!$B$4),0)) -> N2D | W9: =if(V9<>0,if(Q9="Unknown", Assumptions!$B$42,If(Q9>1,Q9,2)),0) -> 4 | X9: =if(V9<>0,if(R9="Unknown", Assumptions!$B$43,R9),0) -> 16 | Y9: =if(U9=1,if(X9/W9>8,1,0),0) -> 0 | Z9: =if(V9<>0,if( S9="Unknown", Assumptions!$B$44,S9),0) -> 199 | AA9: =if(V9 ="N2",ifna(vlookup(W9&"-"&X9,'Ref. VM'!A:B,2,0),"Custom"),if(V9 ="E2" , ifna(vlookup(W9&"-"&X9,'Ref. VM'!D:E,2,0),"Custom"),if(V9="N2D",ifna(vlookup(W9&"-"&X9,'Ref. VM'!G:H,2,0),"Custom"),if(V9="N4",ifna(vlookup(W9&"-"&X9,'Ref. VM'!J:K,2,0),"Custom"),0)))) -> Predefined | AB9: =if( V9<>0,if(T9="Lift & Shift Prod",V9&"-"&AA9&" vCPUs-"&"CUD 3y",V9&"-"&AA9&" vCPUs"),0) -> N2D-Predefined vCPUs-CUD 3y | AC9: =if( V9<>0,if(T9="Lift & Shift Prod",V9&"-"&AA9&" RAM-"&"CUD 3y",V9&"-"&AA9&" RAM"),0) -> N2D-Predefined RAM-CUD 3y | AD9: =if(Y9=0,0,if( V9="N2D",if(T9="Lift & Shift Noprod","N2D-Extended custom memory","N2D-Extended custom memory-CUD 3y"),"N4-Extended custom memory")) -> 0 | AE9: =if(T9="Lift & Shift Prod",730,if(T9="Lift & Shift Noprod",Assumptions!$B$3,0)) -> 730 | AF9: =if( U9=0,0,if(Y9=0, ((vlookup(AB9,'SKU Pricing'!A:B,Assumptions!$B$2,0)*W9)+(vlookup(AC9,'SKU Pricing'!A:B,Assumptions!$B$2,0)*X9))*AE9,((vlookup(AB9,'SKU Pricing'!A:B,Assumptions!$B$2,0)*W9)+(vlookup(AC9,'SKU Pricing'!A:B,Assumptions!$B$2,0)*(W9*8))+(vlookup(AD9,'SKU Pricing'!A:B,Assumptions!$B$2,0)*(X9-(W9*8))))*AE9)) -> 64.397446 | AG9: =if(V9<>0, if(D9="Windows","Windows Server",if(D9="Linux",if( E9="Red Hat",if( W9<=8,"Red Hat Enterprise Linux 2-8", if(W9<128,"Red Hat Enterprise Linux 9-127","Red Hat Enterprise Linux 128")),0),0)),0) -> Windows Server | AH9: =ifna(vlookup(AG9,'SKU Pricing'!A:B,Assumptions!$B$2,0)*W9*AE9,0) -> 134.32 | AI9: =if(V9<>0, if(O9="T1","Regional",""),"") | AJ9: =if(V9<>0, if(T9="Lift & Shift Noprod",Assumptions!$B$9,if(V9=Assumptions!$B$6,Assumptions!$B$10,if(P9=1,Assumptions!$B$8,Assumptions!$B$7))),"") -> SSD | AK9: =if( AJ9="",0,if(AI9="",AJ9,AJ9)) -> SSD | AL9: =if(AJ9="Hyperdisk Balanced",Assumptions!$B$11,0) -> 0 | AM9: =if(AJ9="Hyperdisk Balanced",Assumptions!$B$12,0) -> 0 | AN9: =if(AK9=0,0,if(AJ9="Hyperdisk Balanced",vlookup(AK9&" provisioned space",'SKU Pricing'!A:B,Assumptions!$B$2,0)*Z9+vlookup(AK9&" provisioned IOPS",'SKU Pricing'!A:B,Assumptions!$B$2,0)*AL9*730+vlookup(AK9&" provisioned throughput",'SKU Pricing'!A:B,Assumptions!$B$2,0)*AM9*730,vlookup(AK9,'SKU Pricing'!A:B,Assumptions!$B$2,0)*Z9)) -> 39.203 | AO9: =AF9+AH9+AN9 -> 237.92045 | AP9: =if(V9<>0, "VM Manager",0) -> VM Manager | AQ9: =ifna(vlookup(AP9,'SKU Pricing'!A:B,Assumptions!$B$2,0)*AE9,0) -> 2.19 | AR9: 0
A10: GLBM-QMATIC01 | B10: =ifna(if(vlookup(A10,vOS!A:B,2,0)="","Unknown",vlookup(A10,vOS!A:B,2,0)),"Unknown") -> Microsoft Windows Server 2019 (64-bit) | C10: =vlookup(B10,'OS Study'!A:D,2,0) -> 0 | D10: =vlookup(B10,'OS Study'!A:D,3,0) -> Windows | E10: =vlookup(B10,'OS Study'!A:D,4,0) -> Server | F10: =vlookup(B10,'OS Study'!A:E,5,0) -> 2019 | G10: =IF(vlookup(A10,'RVtools V2.1'!A:J,4,0)="non",0,1) -> 1 | H10: =if(vlookup(A10,'RVtools V2.1'!A:K,11,0)="kube",1,0) -> 0 | I10: =if(H10=1, IF(COUNTIF(A10, "*MASTER*"), 1, 0),0) -> 0 | J10: =ifna(vlookup(A10,'Infra Study'!A:Q,17,0),0) -> 0 | K10: =IFERROR(__xludf.DUMMYFUNCTION("N(REGEXMATCH(VLOOKUP(A10, 'RVtools V2.1'!A:H, 8, 0), ""^Serveur de fichiers""))"),0.0) -> 0 | L10: =if(OR(C10=1,F10="2008 R2"),1,0) -> 0 | M10: =ifna(vlookup(A10,'RVtools V2.1'!A:I,8,0),"N/A") -> VM AFFICHEUR GLBM | N10: =IFERROR(__xludf.DUMMYFUNCTION("IF(REGEXMATCH(M10, ""(?i)"" & JOIN(""|"", SPLIT(""kalisil"", "" ""))), 1, 0)"),0.0) -> 0 | O10: =vlookup(A10,'RVtools V2.1'!A:H,7,0) -> N/A | P10: =if(vlookup(A10,'RVtools V2.1'!A:H,5,0)="oui",1,0) -> 0 | Q10: =ifna(vlookup(A10,vCPU!A:B,2,0),"Unknown") -> 4 | R10: =ifna(vlookup(A10,vMemory!A:C,3,0),"Unknown") -> 16 | S10: =ifna(vlookup(A10,vDisk!A:C,3,0),"Unknown") -> 194 | T10: {=IFS( L10=1, "No Lift & Shift", J10=1, XLOOKUP(A10, 'Infra Study'!A:A, 'Infra Study'!P:P), I10=1, "No Lift & Shift", H10=1, "GKE", K10=1, "GCNV", G10=1, "Lift & Shift Prod", TRUE, "Lift & Shift Noprod" )} -> Lift & Shift Prod | U10: =if(OR(T10="Lift & Shift Prod", T10="Lift & Shift Noprod"),1,0) -> 1 | V10: =if(T10="Lift & Shift Noprod",if( Y10=0,Assumptions!$B$5, Assumptions!$B$4),if(T10="Lift & Shift Prod",if(AND(N10=1,O10="T1"),Assumptions!$B$6,Assumptions!$B$4),0)) -> N2D | W10: =if(V10<>0,if(Q10="Unknown", Assumptions!$B$42,If(Q10>1,Q10,2)),0) -> 4 | X10: =if(V10<>0,if(R10="Unknown", Assumptions!$B$43,R10),0) -> 16 | Y10: =if(U10=1,if(X10/W10>8,1,0),0) -> 0 | Z10: =if(V10<>0,if( S10="Unknown", Assumptions!$B$44,S10),0) -> 194 | AA10: =if(V10 ="N2",ifna(vlookup(W10&"-"&X10,'Ref. VM'!A:B,2,0),"Custom"),if(V10 ="E2" , ifna(vlookup(W10&"-"&X10,'Ref. VM'!D:E,2,0),"Custom"),if(V10="N2D",ifna(vlookup(W10&"-"&X10,'Ref. VM'!G:H,2,0),"Custom"),if(V10="N4",ifna(vlookup(W10&"-"&X10,'Ref. VM'!J:K,2,0),"Custom"),0)))) -> Predefined | AB10: =if( V10<>0,if(T10="Lift & Shift Prod",V10&"-"&AA10&" vCPUs-"&"CUD 3y",V10&"-"&AA10&" vCPUs"),0) -> N2D-Predefined vCPUs-CUD 3y | AC10: =if( V10<>0,if(T10="Lift & Shift Prod",V10&"-"&AA10&" RAM-"&"CUD 3y",V10&"-"&AA10&" RAM"),0) -> N2D-Predefined RAM-CUD 3y | AD10: =if(Y10=0,0,if( V10="N2D",if(T10="Lift & Shift Noprod","N2D-Extended custom memory","N2D-Extended custom memory-CUD 3y"),"N4-Extended custom memory")) -> 0 | AE10: =if(T10="Lift & Shift Prod",730,if(T10="Lift & Shift Noprod",Assumptions!$B$3,0)) -> 730 | AF10: =if( U10=0,0,if(Y10=0, ((vlookup(AB10,'SKU Pricing'!A:B,Assumptions!$B$2,0)*W10)+(vlookup(AC10,'SKU Pricing'!A:B,Assumptions!$B$2,0)*X10))*AE10,((vlookup(AB10,'SKU Pricing'!A:B,Assumptions!$B$2,0)*W10)+(vlookup(AC10,'SKU Pricing'!A:B,Assumptions!$B$2,0)*(W10*8))+(vlookup(AD10,'SKU Pricing'!A:B,Assumptions!$B$2,0)*(X10-(W10*8))))*AE10)) -> 64.397446 | AG10: =if(V10<>0, if(D10="Windows","Windows Server",if(D10="Linux",if( E10="Red Hat",if( W10<=8,"Red Hat Enterprise Linux 2-8", if(W10<128,"Red Hat Enterprise Linux 9-127","Red Hat Enterprise Linux 128")),0),0)),0) -> Windows Server | AH10: =ifna(vlookup(AG10,'SKU Pricing'!A:B,Assumptions!$B$2,0)*W10*AE10,0) -> 134.32 | AI10: =if(V10<>0, if(O10="T1","Regional",""),"") | AJ10: =if(V10<>0, if(T10="Lift & Shift Noprod",Assumptions!$B$9,if(V10=Assumptions!$B$6,Assumptions!$B$10,if(P10=1,Assumptions!$B$8,Assumptions!$B$7))),"") -> Balanced | AK10: =if( AJ10="",0,if(AI10="",AJ10,AJ10)) -> Balanced | AL10: =if(AJ10="Hyperdisk Balanced",Assumptions!$B$11,0) -> 0 | AM10: =if(AJ10="Hyperdisk Balanced",Assumptions!$B$12,0) -> 0 | AN10: =if(AK10=0,0,if(AJ10="Hyperdisk Balanced",vlookup(AK10&" provisioned space",'SKU Pricing'!A:B,Assumptions!$B$2,0)*Z10+vlookup(AK10&" provisioned IOPS",'SKU Pricing'!A:B,Assumptions!$B$2,0)*AL10*730+vlookup(AK10&" provisioned throughput",'SKU Pricing'!A:B,Assumptions!$B$2,0)*AM10*730,vlookup(AK10,'SKU Pricing'!A:B,Assumptions!$B$2,0)*Z10)) -> 22.504 | AO10: =AF10+AH10+AN10 -> 221.22145 | AP10: =if(V10<>0, "VM Manager",0) -> VM Manager | AQ10: =ifna(vlookup(AP10,'SKU Pricing'!A:B,Assumptions!$B$2,0)*AE10,0) -> 2.19 | AR10: 0
A11: AURA-QMATIC | B11: =ifna(if(vlookup(A11,vOS!A:B,2,0)="","Unknown",vlookup(A11,vOS!A:B,2,0)),"Unknown") -> Microsoft Windows Server 2019 (64-bit) | C11: =vlookup(B11,'OS Study'!A:D,2,0) -> 0 | D11: =vlookup(B11,'OS Study'!A:D,3,0) -> Windows | E11: =vlookup(B11,'OS Study'!A:D,4,0) -> Server | F11: =vlookup(B11,'OS Study'!A:E,5,0) -> 2019 | G11: =IF(vlookup(A11,'RVtools V2.1'!A:J,4,0)="non",0,1) -> 1 | H11: =if(vlookup(A11,'RVtools V2.1'!A:K,11,0)="kube",1,0) -> 0 | I11: =if(H11=1, IF(COUNTIF(A11, "*MASTER*"), 1, 0),0) -> 0 | J11: =ifna(vlookup(A11,'Infra Study'!A:Q,17,0),0) -> 0 | K11: =IFERROR(__xludf.DUMMYFUNCTION("N(REGEXMATCH(VLOOKUP(A11, 'RVtools V2.1'!A:H, 8, 0), ""^Serveur de fichiers""))"),0.0) -> 0 | L11: =if(OR(C11=1,F11="2008 R2"),1,0) -> 0 | M11: =ifna(vlookup(A11,'RVtools V2.1'!A:I,8,0),"N/A") -> VM AFFICHEUR UNILIANS | N11: =IFERROR(__xludf.DUMMYFUNCTION("IF(REGEXMATCH(M11, ""(?i)"" & JOIN(""|"", SPLIT(""kalisil"", "" ""))), 1, 0)"),0.0) -> 0 | O11: =vlookup(A11,'RVtools V2.1'!A:H,7,0) -> N/A | P11: =if(vlookup(A11,'RVtools V2.1'!A:H,5,0)="oui",1,0) -> 0 | Q11: =ifna(vlookup(A11,vCPU!A:B,2,0),"Unknown") -> 4 | R11: =ifna(vlookup(A11,vMemory!A:C,3,0),"Unknown") -> 16 | S11: =ifna(vlookup(A11,vDisk!A:C,3,0),"Unknown") -> 243 | T11: {=IFS( L11=1, "No Lift & Shift", J11=1, XLOOKUP(A11, 'Infra Study'!A:A, 'Infra Study'!P:P), I11=1, "No Lift & Shift", H11=1, "GKE", K11=1, "GCNV", G11=1, "Lift & Shift Prod", TRUE, "Lift & Shift Noprod" )} -> Lift & Shift Prod | U11: =if(OR(T11="Lift & Shift Prod", T11="Lift & Shift Noprod"),1,0) -> 1 | V11: =if(T11="Lift & Shift Noprod",if( Y11=0,Assumptions!$B$5, Assumptions!$B$4),if(T11="Lift & Shift Prod",if(AND(N11=1,O11="T1"),Assumptions!$B$6,Assumptions!$B$4),0)) -> N2D | W11: =if(V11<>0,if(Q11="Unknown", Assumptions!$B$42,If(Q11>1,Q11,2)),0) -> 4 | X11: =if(V11<>0,if(R11="Unknown", Assumptions!$B$43,R11),0) -> 16 | Y11: =if(U11=1,if(X11/W11>8,1,0),0) -> 0 | Z11: =if(V11<>0,if( S11="Unknown", Assumptions!$B$44,S11),0) -> 243 | AA11: =if(V11 ="N2",ifna(vlookup(W11&"-"&X11,'Ref. VM'!A:B,2,0),"Custom"),if(V11 ="E2" , ifna(vlookup(W11&"-"&X11,'Ref. VM'!D:E,2,0),"Custom"),if(V11="N2D",ifna(vlookup(W11&"-"&X11,'Ref. VM'!G:H,2,0),"Custom"),if(V11="N4",ifna(vlookup(W11&"-"&X11,'Ref. VM'!J:K,2,0),"Custom"),0)))) -> Predefined | AB11: =if( V11<>0,if(T11="Lift & Shift Prod",V11&"-"&AA11&" vCPUs-"&"CUD 3y",V11&"-"&AA11&" vCPUs"),0) -> N2D-Predefined vCPUs-CUD 3y | AC11: =if( V11<>0,if(T11="Lift & Shift Prod",V11&"-"&AA11&" RAM-"&"CUD 3y",V11&"-"&AA11&" RAM"),0) -> N2D-Predefined RAM-CUD 3y | AD11: =if(Y11=0,0,if( V11="N2D",if(T11="Lift & Shift Noprod","N2D-Extended custom memory","N2D-Extended custom memory-CUD 3y"),"N4-Extended custom memory")) -> 0 | AE11: =if(T11="Lift & Shift Prod",730,if(T11="Lift & Shift Noprod",Assumptions!$B$3,0)) -> 730 | AF11: =if( U11=0,0,if(Y11=0, ((vlookup(AB11,'SKU Pricing'!A:B,Assumptions!$B$2,0)*W11)+(vlookup(AC11,'SKU Pricing'!A:B,Assumptions!$B$2,0)*X11))*AE11,((vlookup(AB11,'SKU Pricing'!A:B,Assumptions!$B$2,0)*W11)+(vlookup(AC11,'SKU Pricing'!A:B,Assumptions!$B$2,0)*(W11*8))+(vlookup(AD11,'SKU Pricing'!A:B,Assumptions!$B$2,0)*(X11-(W11*8))))*AE11)) -> 64.397446 | AG11: =if(V11<>0, if(D11="Windows","Windows Server",if(D11="Linux",if( E11="Red Hat",if( W11<=8,"Red Hat Enterprise Linux 2-8", if(W11<128,"Red Hat Enterprise Linux 9-127","Red Hat Enterprise Linux 128")),0),0)),0) -> Windows Server | AH11: =ifna(vlookup(AG11,'SKU Pricing'!A:B,Assumptions!$B$2,0)*W11*AE11,0) -> 134.32 | AI11: =if(V11<>0, if(O11="T1","Regional",""),"") | AJ11: =if(V11<>0, if(T11="Lift & Shift Noprod",Assumptions!$B$9,if(V11=Assumptions!$B$6,Assumptions!$B$10,if(P11=1,Assumptions!$B$8,Assumptions!$B$7))),"") -> Balanced | AK11: =if( AJ11="",0,if(AI11="",AJ11,AJ11)) -> Balanced | AL11: =if(AJ11="Hyperdisk Balanced",Assumptions!$B$11,0) -> 0 | AM11: =if(AJ11="Hyperdisk Balanced",Assumptions!$B$12,0) -> 0 | AN11: =if(AK11=0,0,if(AJ11="Hyperdisk Balanced",vlookup(AK11&" provisioned space",'SKU Pricing'!A:B,Assumptions!$B$2,0)*Z11+vlookup(AK11&" provisioned IOPS",'SKU Pricing'!A:B,Assumptions!$B$2,0)*AL11*730+vlookup(AK11&" provisioned throughput",'SKU Pricing'!A:B,Assumptions!$B$2,0)*AM11*730,vlookup(AK11,'SKU Pricing'!A:B,Assumptions!$B$2,0)*Z11)) -> 28.188 | AO11: =AF11+AH11+AN11 -> 226.90545 | AP11: =if(V11<>0, "VM Manager",0) -> VM Manager | AQ11: =ifna(vlookup(AP11,'SKU Pricing'!A:B,Assumptions!$B$2,0)*AE11,0) -> 2.19 | AR11: 0
A12: ORI-ALERE01 | B12: =ifna(if(vlookup(A12,vOS!A:B,2,0)="","Unknown",vlookup(A12,vOS!A:B,2,0)),"Unknown") -> Microsoft Windows Server 2022 (64-bit) | C12: =vlookup(B12,'OS Study'!A:D,2,0) -> 0 | D12: =vlookup(B12,'OS Study'!A:D,3,0) -> Windows | E12: =vlookup(B12,'OS Study'!A:D,4,0) -> Server | F12: =vlookup(B12,'OS Study'!A:E,5,0) -> 2022 | G12: =IF(vlookup(A12,'RVtools V2.1'!A:J,4,0)="non",0,1) -> 1 | H12: =if(vlookup(A12,'RVtools V2.1'!A:K,11,0)="kube",1,0) -> 0 | I12: =if(H12=1, IF(COUNTIF(A12, "*MASTER*"), 1, 0),0) -> 0 | J12: =ifna(vlookup(A12,'Infra Study'!A:Q,17,0),0) -> 0 | K12: =IFERROR(__xludf.DUMMYFUNCTION("N(REGEXMATCH(VLOOKUP(A12, 'RVtools V2.1'!A:H, 8, 0), ""^Serveur de fichiers""))"),0.0) -> 0 | L12: =if(OR(C12=1,F12="2008 R2"),1,0) -> 0 | M12: =ifna(vlookup(A12,'RVtools V2.1'!A:I,8,0),"N/A") -> ALERE - ALI | N12: =IFERROR(__xludf.DUMMYFUNCTION("IF(REGEXMATCH(M12, ""(?i)"" & JOIN(""|"", SPLIT(""kalisil"", "" ""))), 1, 0)"),0.0) -> 0 | O12: =vlookup(A12,'RVtools V2.1'!A:H,7,0) -> T1 | P12: =if(vlookup(A12,'RVtools V2.1'!A:H,5,0)="oui",1,0) -> 1 | Q12: =ifna(vlookup(A12,vCPU!A:B,2,0),"Unknown") -> 2 | R12: =ifna(vlookup(A12,vMemory!A:C,3,0),"Unknown") -> 4 | S12: =ifna(vlookup(A12,vDisk!A:C,3,0),"Unknown") -> 149 | T12: {=IFS( L12=1, "No Lift & Shift", J12=1, XLOOKUP(A12, 'Infra Study'!A:A, 'Infra Study'!P:P), I12=1, "No Lift & Shift", H12=1, "GKE", K12=1, "GCNV", G12=1, "Lift & Shift Prod", TRUE, "Lift & Shift Noprod" )} -> Lift & Shift Prod | U12: =if(OR(T12="Lift & Shift Prod", T12="Lift & Shift Noprod"),1,0) -> 1 | V12: =if(T12="Lift & Shift Noprod",if( Y12=0,Assumptions!$B$5, Assumptions!$B$4),if(T12="Lift & Shift Prod",if(AND(N12=1,O12="T1"),Assumptions!$B$6,Assumptions!$B$4),0)) -> N2D | W12: =if(V12<>0,if(Q12="Unknown", Assumptions!$B$42,If(Q12>1,Q12,2)),0) -> 2 | X12: =if(V12<>0,if(R12="Unknown", Assumptions!$B$43,R12),0) -> 4 | Y12: =if(U12=1,if(X12/W12>8,1,0),0) -> 0 | Z12: =if(V12<>0,if( S12="Unknown", Assumptions!$B$44,S12),0) -> 149 | AA12: =if(V12 ="N2",ifna(vlookup(W12&"-"&X12,'Ref. VM'!A:B,2,0),"Custom"),if(V12 ="E2" , ifna(vlookup(W12&"-"&X12,'Ref. VM'!D:E,2,0),"Custom"),if(V12="N2D",ifna(vlookup(W12&"-"&X12,'Ref. VM'!G:H,2,0),"Custom"),if(V12="N4",ifna(vlookup(W12&"-"&X12,'Ref. VM'!J:K,2,0),"Custom"),0)))) -> Custom | AB12: =if( V12<>0,if(T12="Lift & Shift Prod",V12&"-"&AA12&" vCPUs-"&"CUD 3y",V12&"-"&AA12&" vCPUs"),0) -> N2D-Custom vCPUs-CUD 3y | AC12: =if( V12<>0,if(T12="Lift & Shift Prod",V12&"-"&AA12&" RAM-"&"CUD 3y",V12&"-"&AA12&" RAM"),0) -> N2D-Custom RAM-CUD 3y | AD12: =if(Y12=0,0,if( V12="N2D",if(T12="Lift & Shift Noprod","N2D-Extended custom memory","N2D-Extended custom memory-CUD 3y"),"N4-Extended custom memory")) -> 0 | AE12: =if(T12="Lift & Shift Prod",730,if(T12="Lift & Shift Noprod",Assumptions!$B$3,0)) -> 730 | AF12: =if( U12=0,0,if(Y12=0, ((vlookup(AB12,'SKU Pricing'!A:B,Assumptions!$B$2,0)*W12)+(vlookup(AC12,'SKU Pricing'!A:B,Assumptions!$B$2,0)*X12))*AE12,((vlookup(AB12,'SKU Pricing'!A:B,Assumptions!$B$2,0)*W12)+(vlookup(AC12,'SKU Pricing'!A:B,Assumptions!$B$2,0)*(W12*8))+(vlookup(AD12,'SKU Pricing'!A:B,Assumptions!$B$2,0)*(X12-(W12*8))))*AE12)) -> 27.908326 | AG12: =if(V12<>0, if(D12="Windows","Windows Server",if(D12="Linux",if( E12="Red Hat",if( W12<=8,"Red Hat Enterprise Linux 2-8", if(W12<128,"Red Hat Enterprise Linux 9-127","Red Hat Enterprise Linux 128")),0),0)),0) -> Windows Server | AH12: =ifna(vlookup(AG12,'SKU Pricing'!A:B,Assumptions!$B$2,0)*W12*AE12,0) -> 67.16 | AI12: =if(V12<>0, if(O12="T1","Regional",""),"") -> Regional | AJ12: =if(V12<>0, if(T12="Lift & Shift Noprod",Assumptions!$B$9,if(V12=Assumptions!$B$6,Assumptions!$B$10,if(P12=1,Assumptions!$B$8,Assumptions!$B$7))),"") -> SSD | AK12: =if( AJ12="",0,if(AI12="",AJ12,AJ12)) -> SSD | AL12: =if(AJ12="Hyperdisk Balanced",Assumptions!$B$11,0) -> 0 | AM12: =if(AJ12="Hyperdisk Balanced",Assumptions!$B$12,0) -> 0 | AN12: =if(AK12=0,0,if(AJ12="Hyperdisk Balanced",vlookup(AK12&" provisioned space",'SKU Pricing'!A:B,Assumptions!$B$2,0)*Z12+vlookup(AK12&" provisioned IOPS",'SKU Pricing'!A:B,Assumptions!$B$2,0)*AL12*730+vlookup(AK12&" provisioned throughput",'SKU Pricing'!A:B,Assumptions!$B$2,0)*AM12*730,vlookup(AK12,'SKU Pricing'!A:B,Assumptions!$B$2,0)*Z12)) -> 29.353 | AO12: =AF12+AH12+AN12 -> 124.42133 | AP12: =if(V12<>0, "VM Manager",0) -> VM Manager | AQ12: =ifna(vlookup(AP12,'SKU Pricing'!A:B,Assumptions!$B$2,0)*AE12,0) -> 2.19 | AR12: 0
A13: ORI-SRV-ALERE01 | B13: =ifna(if(vlookup(A13,vOS!A:B,2,0)="","Unknown",vlookup(A13,vOS!A:B,2,0)),"Unknown") -> Microsoft Windows Server 2008 R2 (64-bit) | C13: =vlookup(B13,'OS Study'!A:D,2,0) -> 0 | D13: =vlookup(B13,'OS Study'!A:D,3,0) -> Windows | E13: =vlookup(B13,'OS Study'!A:D,4,0) -> Server | F13: =vlookup(B13,'OS Study'!A:E,5,0) -> 2008 R2 | G13: =IF(vlookup(A13,'RVtools V2.1'!A:J,4,0)="non",0,1) -> 1 | H13: =if(vlookup(A13,'RVtools V2.1'!A:K,11,0)="kube",1,0) -> 0 | I13: =if(H13=1, IF(COUNTIF(A13, "*MASTER*"), 1, 0),0) -> 0 | J13: =ifna(vlookup(A13,'Infra Study'!A:Q,17,0),0) -> 0 | K13: =IFERROR(__xludf.DUMMYFUNCTION("N(REGEXMATCH(VLOOKUP(A13, 'RVtools V2.1'!A:H, 8, 0), ""^Serveur de fichiers""))"),0.0) -> 0 | L13: =if(OR(C13=1,F13="2008 R2"),1,0) -> 1 | M13: =ifna(vlookup(A13,'RVtools V2.1'!A:I,8,0),"N/A") -> ALERE - ALI | N13: =IFERROR(__xludf.DUMMYFUNCTION("IF(REGEXMATCH(M13, ""(?i)"" & JOIN(""|"", SPLIT(""kalisil"", "" ""))), 1, 0)"),0.0) -> 0 | O13: =vlookup(A13,'RVtools V2.1'!A:H,7,0) -> T1 | P13: =if(vlookup(A13,'RVtools V2.1'!A:H,5,0)="oui",1,0) -> 1 | Q13: =ifna(vlookup(A13,vCPU!A:B,2,0),"Unknown") -> 2 | R13: =ifna(vlookup(A13,vMemory!A:C,3,0),"Unknown") -> 8 | S13: =ifna(vlookup(A13,vDisk!A:C,3,0),"Unknown") -> 130 | T13: {=IFS( L13=1, "No Lift & Shift", J13=1, XLOOKUP(A13, 'Infra Study'!A:A, 'Infra Study'!P:P), I13=1, "No Lift & Shift", H13=1, "GKE", K13=1, "GCNV", G13=1, "Lift & Shift Prod", TRUE, "Lift & Shift Noprod" )} -> No Lift & Shift | U13: =if(OR(T13="Lift & Shift Prod", T13="Lift & Shift Noprod"),1,0) -> 0 | V13: =if(T13="Lift & Shift Noprod",if( Y13=0,Assumptions!$B$5, Assumptions!$B$4),if(T13="Lift & Shift Prod",if(AND(N13=1,O13="T1"),Assumptions!$B$6,Assumptions!$B$4),0)) -> 0 | W13: =if(V13<>0,if(Q13="Unknown", Assumptions!$B$42,If(Q13>1,Q13,2)),0) -> 0 | X13: =if(V13<>0,if(R13="Unknown", Assumptions!$B$43,R13),0) -> 0 | Y13: =if(U13=1,if(X13/W13>8,1,0),0) -> 0 | Z13: =if(V13<>0,if( S13="Unknown", Assumptions!$B$44,S13),0) -> 0 | AA13: =if(V13 ="N2",ifna(vlookup(W13&"-"&X13,'Ref. VM'!A:B,2,0),"Custom"),if(V13 ="E2" , ifna(vlookup(W13&"-"&X13,'Ref. VM'!D:E,2,0),"Custom"),if(V13="N2D",ifna(vlookup(W13&"-"&X13,'Ref. VM'!G:H,2,0),"Custom"),if(V13="N4",ifna(vlookup(W13&"-"&X13,'Ref. VM'!J:K,2,0),"Custom"),0)))) -> 0 | AB13: =if( V13<>0,if(T13="Lift & Shift Prod",V13&"-"&AA13&" vCPUs-"&"CUD 3y",V13&"-"&AA13&" vCPUs"),0) -> 0 | AC13: =if( V13<>0,if(T13="Lift & Shift Prod",V13&"-"&AA13&" RAM-"&"CUD 3y",V13&"-"&AA13&" RAM"),0) -> 0 | AD13: =if(Y13=0,0,if( V13="N2D",if(T13="Lift & Shift Noprod","N2D-Extended custom memory","N2D-Extended custom memory-CUD 3y"),"N4-Extended custom memory")) -> 0 | AE13: =if(T13="Lift & Shift Prod",730,if(T13="Lift & Shift Noprod",Assumptions!$B$3,0)) -> 0 | AF13: =if( U13=0,0,if(Y13=0, ((vlookup(AB13,'SKU Pricing'!A:B,Assumptions!$B$2,0)*W13)+(vlookup(AC13,'SKU Pricing'!A:B,Assumptions!$B$2,0)*X13))*AE13,((vlookup(AB13,'SKU Pricing'!A:B,Assumptions!$B$2,0)*W13)+(vlookup(AC13,'SKU Pricing'!A:B,Assumptions!$B$2,0)*(W13*8))+(vlookup(AD13,'SKU Pricing'!A:B,Assumptions!$B$2,0)*(X13-(W13*8))))*AE13)) -> 0 | AG13: =if(V13<>0, if(D13="Windows","Windows Server",if(D13="Linux",if( E13="Red Hat",if( W13<=8,"Red Hat Enterprise Linux 2-8", if(W13<128,"Red Hat Enterprise Linux 9-127","Red Hat Enterprise Linux 128")),0),0)),0) -> 0 | AH13: =ifna(vlookup(AG13,'SKU Pricing'!A:B,Assumptions!$B$2,0)*W13*AE13,0) -> 0 | AI13: =if(V13<>0, if(O13="T1","Regional",""),"") | AJ13: =if(V13<>0, if(T13="Lift & Shift Noprod",Assumptions!$B$9,if(V13=Assumptions!$B$6,Assumptions!$B$10,if(P13=1,Assumptions!$B$8,Assumptions!$B$7))),"") | AK13: =if( AJ13="",0,if(AI13="",AJ13,AJ13)) -> 0 | AL13: =if(AJ13="Hyperdisk Balanced",Assumptions!$B$11,0) -> 0 | AM13: =if(AJ13="Hyperdisk Balanced",Assumptions!$B$12,0) -> 0 | AN13: =if(AK13=0,0,if(AJ13="Hyperdisk Balanced",vlookup(AK13&" provisioned space",'SKU Pricing'!A:B,Assumptions!$B$2,0)*Z13+vlookup(AK13&" provisioned IOPS",'SKU Pricing'!A:B,Assumptions!$B$2,0)*AL13*730+vlookup(AK13&" provisioned throughput",'SKU Pricing'!A:B,Assumptions!$B$2,0)*AM13*730,vlookup(AK13,'SKU Pricing'!A:B,Assumptions!$B$2,0)*Z13)) -> 0 | AO13: =AF13+AH13+AN13 -> 0 | AP13: =if(V13<>0, "VM Manager",0) -> 0 | AQ13: =ifna(vlookup(AP13,'SKU Pricing'!A:B,Assumptions!$B$2,0)*AE13,0) -> 0 | AR13: 0
A14: UNI-CASTEL01 | B14: =ifna(if(vlookup(A14,vOS!A:B,2,0)="","Unknown",vlookup(A14,vOS!A:B,2,0)),"Unknown") -> Microsoft Windows 10 (64-bit) | C14: =vlookup(B14,'OS Study'!A:D,2,0) -> 0 | D14: =vlookup(B14,'OS Study'!A:D,3,0) -> Windows | E14: =vlookup(B14,'OS Study'!A:D,4,0) -> Workstation | F14: =vlookup(B14,'OS Study'!A:E,5,0) -> 10 | G14: =IF(vlookup(A14,'RVtools V2.1'!A:J,4,0)="non",0,1) -> 1 | H14: =if(vlookup(A14,'RVtools V2.1'!A:K,11,0)="kube",1,0) -> 0 | I14: =if(H14=1, IF(COUNTIF(A14, "*MASTER*"), 1, 0),0) -> 0 | J14: =ifna(vlookup(A14,'Infra Study'!A:Q,17,0),0) -> 1 | K14: =IFERROR(__xludf.DUMMYFUNCTION("N(REGEXMATCH(VLOOKUP(A14, 'RVtools V2.1'!A:H, 8, 0), ""^Serveur de fichiers""))"),0.0) -> 0 | L14: =if(OR(C14=1,F14="2008 R2"),1,0) -> 0 | M14: =ifna(vlookup(A14,'RVtools V2.1'!A:I,8,0),"N/A") -> Badgeage - RAL | N14: =IFERROR(__xludf.DUMMYFUNCTION("IF(REGEXMATCH(M14, ""(?i)"" & JOIN(""|"", SPLIT(""kalisil"", "" ""))), 1, 0)"),0.0) -> 0 | O14: =vlookup(A14,'RVtools V2.1'!A:H,7,0) -> T3 | P14: =if(vlookup(A14,'RVtools V2.1'!A:H,5,0)="oui",1,0) -> 0 | Q14: =ifna(vlookup(A14,vCPU!A:B,2,0),"Unknown") -> 4 | R14: =ifna(vlookup(A14,vMemory!A:C,3,0),"Unknown") -> 4 | S14: =ifna(vlookup(A14,vDisk!A:C,3,0),"Unknown") -> 120 | T14: {=IFS( L14=1, "No Lift & Shift", J14=1, XLOOKUP(A14, 'Infra Study'!A:A, 'Infra Study'!P:P), I14=1, "No Lift & Shift", H14=1, "GKE", K14=1, "GCNV", G14=1, "Lift & Shift Prod", TRUE, "Lift & Shift Noprod" )} -> Consolidation | U14: =if(OR(T14="Lift & Shift Prod", T14="Lift & Shift Noprod"),1,0) -> 0 | V14: =if(T14="Lift & Shift Noprod",if( Y14=0,Assumptions!$B$5, Assumptions!$B$4),if(T14="Lift & Shift Prod",if(AND(N14=1,O14="T1"),Assumptions!$B$6,Assumptions!$B$4),0)) -> 0 | W14: =if(V14<>0,if(Q14="Unknown", Assumptions!$B$42,If(Q14>1,Q14,2)),0) -> 0 | X14: =if(V14<>0,if(R14="Unknown", Assumptions!$B$43,R14),0) -> 0 | Y14: =if(U14=1,if(X14/W14>8,1,0),0) -> 0 | Z14: =if(V14<>0,if( S14="Unknown", Assumptions!$B$44,S14),0) -> 0 | AA14: =if(V14 ="N2",ifna(vlookup(W14&"-"&X14,'Ref. VM'!A:B,2,0),"Custom"),if(V14 ="E2" , ifna(vlookup(W14&"-"&X14,'Ref. VM'!D:E,2,0),"Custom"),if(V14="N2D",ifna(vlookup(W14&"-"&X14,'Ref. VM'!G:H,2,0),"Custom"),if(V14="N4",ifna(vlookup(W14&"-"&X14,'Ref. VM'!J:K,2,0),"Custom"),0)))) -> 0 | AB14: =if( V14<>0,if(T14="Lift & Shift Prod",V14&"-"&AA14&" vCPUs-"&"CUD 3y",V14&"-"&AA14&" vCPUs"),0) -> 0 | AC14: =if( V14<>0,if(T14="Lift & Shift Prod",V14&"-"&AA14&" RAM-"&"CUD 3y",V14&"-"&AA14&" RAM"),0) -> 0 | AD14: =if(Y14=0,0,if( V14="N2D",if(T14="Lift & Shift Noprod","N2D-Extended custom memory","N2D-Extended custom memory-CUD 3y"),"N4-Extended custom memory")) -> 0 | AE14: =if(T14="Lift & Shift Prod",730,if(T14="Lift & Shift Noprod",Assumptions!$B$3,0)) -> 0 | AF14: =if( U14=0,0,if(Y14=0, ((vlookup(AB14,'SKU Pricing'!A:B,Assumptions!$B$2,0)*W14)+(vlookup(AC14,'SKU Pricing'!A:B,Assumptions!$B$2,0)*X14))*AE14,((vlookup(AB14,'SKU Pricing'!A:B,Assumptions!$B$2,0)*W14)+(vlookup(AC14,'SKU Pricing'!A:B,Assumptions!$B$2,0)*(W14*8))+(vlookup(AD14,'SKU Pricing'!A:B,Assumptions!$B$2,0)*(X14-(W14*8))))*AE14)) -> 0 | AG14: =if(V14<>0, if(D14="Windows","Windows Server",if(D14="Linux",if( E14="Red Hat",if( W14<=8,"Red Hat Enterprise Linux 2-8", if(W14<128,"Red Hat Enterprise Linux 9-127","Red Hat Enterprise Linux 128")),0),0)),0) -> 0 | AH14: =ifna(vlookup(AG14,'SKU Pricing'!A:B,Assumptions!$B$2,0)*W14*AE14,0) -> 0 | AI14: =if(V14<>0, if(O14="T1","Regional",""),"") | AJ14: =if(V14<>0, if(T14="Lift & Shift Noprod",Assumptions!$B$9,if(V14=Assumptions!$B$6,Assumptions!$B$10,if(P14=1,Assumptions!$B$8,Assumptions!$B$7))),"") | AK14: =if( AJ14="",0,if(AI14="",AJ14,AJ14)) -> 0 | AL14: =if(AJ14="Hyperdisk Balanced",Assumptions!$B$11,0) -> 0 | AM14: =if(AJ14="Hyperdisk Balanced",Assumptions!$B$12,0) -> 0 | AN14: =if(AK14=0,0,if(AJ14="Hyperdisk Balanced",vlookup(AK14&" provisioned space",'SKU Pricing'!A:B,Assumptions!$B$2,0)*Z14+vlookup(AK14&" provisioned IOPS",'SKU Pricing'!A:B,Assumptions!$B$2,0)*AL14*730+vlookup(AK14&" provisioned throughput",'SKU Pricing'!A:B,Assumptions!$B$2,0)*AM14*730,vlookup(AK14,'SKU Pricing'!A:B,Assumptions!$B$2,0)*Z14)) -> 0 | AO14: =AF14+AH14+AN14 -> 0 | AP14: =if(V14<>0, "VM Manager",0) -> 0 | AQ14: =ifna(vlookup(AP14,'SKU Pricing'!A:B,Assumptions!$B$2,0)*AE14,0) -> 0 | AR14: 0
A15: UNL-MAESTRIA01 | B15: =ifna(if(vlookup(A15,vOS!A:B,2,0)="","Unknown",vlookup(A15,vOS!A:B,2,0)),"Unknown") -> Microsoft Windows Server 2022 (64-bit) | C15: =vlookup(B15,'OS Study'!A:D,2,0) -> 0 | D15: =vlookup(B15,'OS Study'!A:D,3,0) -> Windows | E15: =vlookup(B15,'OS Study'!A:D,4,0) -> Server | F15: =vlookup(B15,'OS Study'!A:E,5,0) -> 2022 | G15: =IF(vlookup(A15,'RVtools V2.1'!A:J,4,0)="non",0,1) -> 1 | H15: =if(vlookup(A15,'RVtools V2.1'!A:K,11,0)="kube",1,0) -> 0 | I15: =if(H15=1, IF(COUNTIF(A15, "*MASTER*"), 1, 0),0) -> 0 | J15: =ifna(vlookup(A15,'Infra Study'!A:Q,17,0),0) -> 0 | K15: =IFERROR(__xludf.DUMMYFUNCTION("N(REGEXMATCH(VLOOKUP(A15, 'RVtools V2.1'!A:H, 8, 0), ""^Serveur de fichiers""))"),0.0) -> 0 | L15: =if(OR(C15=1,F15="2008 R2"),1,0) -> 0 | M15: =ifna(vlookup(A15,'RVtools V2.1'!A:I,8,0),"N/A") -> Maestria - RAL | N15: =IFERROR(__xludf.DUMMYFUNCTION("IF(REGEXMATCH(M15, ""(?i)"" & JOIN(""|"", SPLIT(""kalisil"", "" ""))), 1, 0)"),0.0) -> 0 | O15: =vlookup(A15,'RVtools V2.1'!A:H,7,0) -> T1 | P15: =if(vlookup(A15,'RVtools V2.1'!A:H,5,0)="oui",1,0) -> 1 | Q15: =ifna(vlookup(A15,vCPU!A:B,2,0),"Unknown") -> 10 | R15: =ifna(vlookup(A15,vMemory!A:C,3,0),"Unknown") -> 32 | S15: =ifna(vlookup(A15,vDisk!A:C,3,0),"Unknown") -> 849 | T15: {=IFS( L15=1, "No Lift & Shift", J15=1, XLOOKUP(A15, 'Infra Study'!A:A, 'Infra Study'!P:P), I15=1, "No Lift & Shift", H15=1, "GKE", K15=1, "GCNV", G15=1, "Lift & Shift Prod", TRUE, "Lift & Shift Noprod" )} -> Lift & Shift Prod | U15: =if(OR(T15="Lift & Shift Prod", T15="Lift & Shift Noprod"),1,0) -> 1 | V15: =if(T15="Lift & Shift Noprod",if( Y15=0,Assumptions!$B$5, Assumptions!$B$4),if(T15="Lift & Shift Prod",if(AND(N15=1,O15="T1"),Assumptions!$B$6,Assumptions!$B$4),0)) -> N2D | W15: =if(V15<>0,if(Q15="Unknown", Assumptions!$B$42,If(Q15>1,Q15,2)),0) -> 10 | X15: =if(V15<>0,if(R15="Unknown", Assumptions!$B$43,R15),0) -> 32 | Y15: =if(U15=1,if(X15/W15>8,1,0),0) -> 0 | Z15: =if(V15<>0,if( S15="Unknown", Assumptions!$B$44,S15),0) -> 849 | AA15: =if(V15 ="N2",ifna(vlookup(W15&"-"&X15,'Ref. VM'!A:B,2,0),"Custom"),if(V15 ="E2" , ifna(vlookup(W15&"-"&X15,'Ref. VM'!D:E,2,0),"Custom"),if(V15="N2D",ifna(vlookup(W15&"-"&X15,'Ref. VM'!G:H,2,0),"Custom"),if(V15="N4",ifna(vlookup(W15&"-"&X15,'Ref. VM'!J:K,2,0),"Custom"),0)))) -> Custom | AB15: =if( V15<>0,if(T15="Lift & Shift Prod",V15&"-"&AA15&" vCPUs-"&"CUD 3y",V15&"-"&AA15&" vCPUs"),0) -> N2D-Custom vCPUs-CUD 3y | AC15: =if( V15<>0,if(T15="Lift & Shift Prod",V15&"-"&AA15&" RAM-"&"CUD 3y",V15&"-"&AA15&" RAM"),0) -> N2D-Custom RAM-CUD 3y | AD15: =if(Y15=0,0,if( V15="N2D",if(T15="Lift & Shift Noprod","N2D-Extended custom memory","N2D-Extended custom memory-CUD 3y"),"N4-Extended custom memory")) -> 0 | AE15: =if(T15="Lift & Shift Prod",730,if(T15="Lift & Shift Noprod",Assumptions!$B$3,0)) -> 730 | AF15: =if( U15=0,0,if(Y15=0, ((vlookup(AB15,'SKU Pricing'!A:B,Assumptions!$B$2,0)*W15)+(vlookup(AC15,'SKU Pricing'!A:B,Assumptions!$B$2,0)*X15))*AE15,((vlookup(AB15,'SKU Pricing'!A:B,Assumptions!$B$2,0)*W15)+(vlookup(AC15,'SKU Pricing'!A:B,Assumptions!$B$2,0)*(W15*8))+(vlookup(AD15,'SKU Pricing'!A:B,Assumptions!$B$2,0)*(X15-(W15*8))))*AE15)) -> 157.24263 | AG15: =if(V15<>0, if(D15="Windows","Windows Server",if(D15="Linux",if( E15="Red Hat",if( W15<=8,"Red Hat Enterprise Linux 2-8", if(W15<128,"Red Hat Enterprise Linux 9-127","Red Hat Enterprise Linux 128")),0),0)),0) -> Windows Server | AH15: =ifna(vlookup(AG15,'SKU Pricing'!A:B,Assumptions!$B$2,0)*W15*AE15,0) -> 335.8 | AI15: =if(V15<>0, if(O15="T1","Regional",""),"") -> Regional | AJ15: =if(V15<>0, if(T15="Lift & Shift Noprod",Assumptions!$B$9,if(V15=Assumptions!$B$6,Assumptions!$B$10,if(P15=1,Assumptions!$B$8,Assumptions!$B$7))),"") -> SSD | AK15: =if( AJ15="",0,if(AI15="",AJ15,AJ15)) -> SSD | AL15: =if(AJ15="Hyperdisk Balanced",Assumptions!$B$11,0) -> 0 | AM15: =if(AJ15="Hyperdisk Balanced",Assumptions!$B$12,0) -> 0 | AN15: =if(AK15=0,0,if(AJ15="Hyperdisk Balanced",vlookup(AK15&" provisioned space",'SKU Pricing'!A:B,Assumptions!$B$2,0)*Z15+vlookup(AK15&" provisioned IOPS",'SKU Pricing'!A:B,Assumptions!$B$2,0)*AL15*730+vlookup(AK15&" provisioned throughput",'SKU Pricing'!A:B,Assumptions!$B$2,0)*AM15*730,vlookup(AK15,'SKU Pricing'!A:B,Assumptions!$B$2,0)*Z15)) -> 167.253 | AO15: =AF15+AH15+AN15 -> 660.29563 | AP15: =if(V15<>0, "VM Manager",0) -> VM Manager | AQ15: =ifna(vlookup(AP15,'SKU Pricing'!A:B,Assumptions!$B$2,0)*AE15,0) -> 2.19 | AR15: 0
A16: VMO-PCT-004-A | B16: =ifna(if(vlookup(A16,vOS!A:B,2,0)="","Unknown",vlookup(A16,vOS!A:B,2,0)),"Unknown") -> Microsoft Windows 10 (64-bit) | C16: =vlookup(B16,'OS Study'!A:D,2,0) -> 0 | D16: =vlookup(B16,'OS Study'!A:D,3,0) -> Windows | E16: =vlookup(B16,'OS Study'!A:D,4,0) -> Workstation | F16: =vlookup(B16,'OS Study'!A:E,5,0) -> 10 | G16: =IF(vlookup(A16,'RVtools V2.1'!A:J,4,0)="non",0,1) -> 1 | H16: =if(vlookup(A16,'RVtools V2.1'!A:K,11,0)="kube",1,0) -> 0 | I16: =if(H16=1, IF(COUNTIF(A16, "*MASTER*"), 1, 0),0) -> 0 | J16: =ifna(vlookup(A16,'Infra Study'!A:Q,17,0),0) -> 1 | K16: =IFERROR(__xludf.DUMMYFUNCTION("N(REGEXMATCH(VLOOKUP(A16, 'RVtools V2.1'!A:H, 8, 0), ""^Serveur de fichiers""))"),0.0) -> 0 | L16: =if(OR(C16=1,F16="2008 R2"),1,0) -> 0 | M16: =ifna(vlookup(A16,'RVtools V2.1'!A:I,8,0),"N/A") -> MPL - CST/ALI | N16: =IFERROR(__xludf.DUMMYFUNCTION("IF(REGEXMATCH(M16, ""(?i)"" & JOIN(""|"", SPLIT(""kalisil"", "" ""))), 1, 0)"),0.0) -> 0 | O16: =vlookup(A16,'RVtools V2.1'!A:H,7,0) -> T1 | P16: =if(vlookup(A16,'RVtools V2.1'!A:H,5,0)="oui",1,0) -> 1 | Q16: =ifna(vlookup(A16,vCPU!A:B,2,0),"Unknown") -> 2 | R16: =ifna(vlookup(A16,vMemory!A:C,3,0),"Unknown") -> 4 | S16: =ifna(vlookup(A16,vDisk!A:C,3,0),"Unknown") -> 108 | T16: {=IFS( L16=1, "No Lift & Shift", J16=1, XLOOKUP(A16, 'Infra Study'!A:A, 'Infra Study'!P:P), I16=1, "No Lift & Shift", H16=1, "GKE", K16=1, "GCNV", G16=1, "Lift & Shift Prod", TRUE, "Lift & Shift Noprod" )} -> Consolidation | U16: =if(OR(T16="Lift & Shift Prod", T16="Lift & Shift Noprod"),1,0) -> 0 | V16: =if(T16="Lift & Shift Noprod",if( Y16=0,Assumptions!$B$5, Assumptions!$B$4),if(T16="Lift & Shift Prod",if(AND(N16=1,O16="T1"),Assumptions!$B$6,Assumptions!$B$4),0)) -> 0 | W16: =if(V16<>0,if(Q16="Unknown", Assumptions!$B$42,If(Q16>1,Q16,2)),0) -> 0 | X16: =if(V16<>0,if(R16="Unknown", Assumptions!$B$43,R16),0) -> 0 | Y16: =if(U16=1,if(X16/W16>8,1,0),0) -> 0 | Z16: =if(V16<>0,if( S16="Unknown", Assumptions!$B$44,S16),0) -> 0 | AA16: =if(V16 ="N2",ifna(vlookup(W16&"-"&X16,'Ref. VM'!A:B,2,0),"Custom"),if(V16 ="E2" , ifna(vlookup(W16&"-"&X16,'Ref. VM'!D:E,2,0),"Custom"),if(V16="N2D",ifna(vlookup(W16&"-"&X16,'Ref. VM'!G:H,2,0),"Custom"),if(V16="N4",ifna(vlookup(W16&"-"&X16,'Ref. VM'!J:K,2,0),"Custom"),0)))) -> 0 | AB16: =if( V16<>0,if(T16="Lift & Shift Prod",V16&"-"&AA16&" vCPUs-"&"CUD 3y",V16&"-"&AA16&" vCPUs"),0) -> 0 | AC16: =if( V16<>0,if(T16="Lift & Shift Prod",V16&"-"&AA16&" RAM-"&"CUD 3y",V16&"-"&AA16&" RAM"),0) -> 0 | AD16: =if(Y16=0,0,if( V16="N2D",if(T16="Lift & Shift Noprod","N2D-Extended custom memory","N2D-Extended custom memory-CUD 3y"),"N4-Extended custom memory")) -> 0 | AE16: =if(T16="Lift & Shift Prod",730,if(T16="Lift & Shift Noprod",Assumptions!$B$3,0)) -> 0 | AF16: =if( U16=0,0,if(Y16=0, ((vlookup(AB16,'SKU Pricing'!A:B,Assumptions!$B$2,0)*W16)+(vlookup(AC16,'SKU Pricing'!A:B,Assumptions!$B$2,0)*X16))*AE16,((vlookup(AB16,'SKU Pricing'!A:B,Assumptions!$B$2,0)*W16)+(vlookup(AC16,'SKU Pricing'!A:B,Assumptions!$B$2,0)*(W16*8))+(vlookup(AD16,'SKU Pricing'!A:B,Assumptions!$B$2,0)*(X16-(W16*8))))*AE16)) -> 0 | AG16: =if(V16<>0, if(D16="Windows","Windows Server",if(D16="Linux",if( E16="Red Hat",if( W16<=8,"Red Hat Enterprise Linux 2-8", if(W16<128,"Red Hat Enterprise Linux 9-127","Red Hat Enterprise Linux 128")),0),0)),0) -> 0 | AH16: =ifna(vlookup(AG16,'SKU Pricing'!A:B,Assumptions!$B$2,0)*W16*AE16,0) -> 0 | AI16: =if(V16<>0, if(O16="T1","Regional",""),"") | AJ16: =if(V16<>0, if(T16="Lift & Shift Noprod",Assumptions!$B$9,if(V16=Assumptions!$B$6,Assumptions!$B$10,if(P16=1,Assumptions!$B$8,Assumptions!$B$7))),"") | AK16: =if( AJ16="",0,if(AI16="",AJ16,AJ16)) -> 0 | AL16: =if(AJ16="Hyperdisk Balanced",Assumptions!$B$11,0) -> 0 | AM16: =if(AJ16="Hyperdisk Balanced",Assumptions!$B$12,0) -> 0 | AN16: =if(AK16=0,0,if(AJ16="Hyperdisk Balanced",vlookup(AK16&" provisioned space",'SKU Pricing'!A:B,Assumptions!$B$2,0)*Z16+vlookup(AK16&" provisioned IOPS",'SKU Pricing'!A:B,Assumptions!$B$2,0)*AL16*730+vlookup(AK16&" provisioned throughput",'SKU Pricing'!A:B,Assumptions!$B$2,0)*AM16*730,vlookup(AK16,'SKU Pricing'!A:B,Assumptions!$B$2,0)*Z16)) -> 0 | AO16: =AF16+AH16+AN16 -> 0 | AP16: =if(V16<>0, "VM Manager",0) -> 0 | AQ16: =ifna(vlookup(AP16,'SKU Pricing'!A:B,Assumptions!$B$2,0)*AE16,0) -> 0 | AR16: 0
A17: AURA-CFX-001 | B17: =ifna(if(vlookup(A17,vOS!A:B,2,0)="","Unknown",vlookup(A17,vOS!A:B,2,0)),"Unknown") -> Microsoft Windows 10 (64-bit) | C17: =vlookup(B17,'OS Study'!A:D,2,0) -> 0 | D17: =vlookup(B17,'OS Study'!A:D,3,0) -> Windows | E17: =vlookup(B17,'OS Study'!A:D,4,0) -> Workstation | F17: =vlookup(B17,'OS Study'!A:E,5,0) -> 10 | G17: =IF(vlookup(A17,'RVtools V2.1'!A:J,4,0)="non",0,1) -> 1 | H17: =if(vlookup(A17,'RVtools V2.1'!A:K,11,0)="kube",1,0) -> 0 | I17: =if(H17=1, IF(COUNTIF(A17, "*MASTER*"), 1, 0),0) -> 0 | J17: =ifna(vlookup(A17,'Infra Study'!A:Q,17,0),0) -> 1 | K17: =IFERROR(__xludf.DUMMYFUNCTION("N(REGEXMATCH(VLOOKUP(A17, 'RVtools V2.1'!A:H, 8, 0), ""^Serveur de fichiers""))"),0.0) -> 0 | L17: =if(OR(C17=1,F17="2008 R2"),1,0) -> 0 | M17: =ifna(vlookup(A17,'RVtools V2.1'!A:I,8,0),"N/A") -> VM DEPOT CFX RAL | N17: =IFERROR(__xludf.DUMMYFUNCTION("IF(REGEXMATCH(M17, ""(?i)"" & JOIN(""|"", SPLIT(""kalisil"", "" ""))), 1, 0)"),0.0) -> 0 | O17: =vlookup(A17,'RVtools V2.1'!A:H,7,0) -> T1 | P17: =if(vlookup(A17,'RVtools V2.1'!A:H,5,0)="oui",1,0) -> 1 | Q17: =ifna(vlookup(A17,vCPU!A:B,2,0),"Unknown") -> 2 | R17: =ifna(vlookup(A17,vMemory!A:C,3,0),"Unknown") -> 4 | S17: =ifna(vlookup(A17,vDisk!A:C,3,0),"Unknown") -> 94 | T17: {=IFS( L17=1, "No Lift & Shift", J17=1, XLOOKUP(A17, 'Infra Study'!A:A, 'Infra Study'!P:P), I17=1, "No Lift & Shift", H17=1, "GKE", K17=1, "GCNV", G17=1, "Lift & Shift Prod", TRUE, "Lift & Shift Noprod" )} -> Consolidation | U17: =if(OR(T17="Lift & Shift Prod", T17="Lift & Shift Noprod"),1,0) -> 0 | V17: =if(T17="Lift & Shift Noprod",if( Y17=0,Assumptions!$B$5, Assumptions!$B$4),if(T17="Lift & Shift Prod",if(AND(N17=1,O17="T1"),Assumptions!$B$6,Assumptions!$B$4),0)) -> 0 | W17: =if(V17<>0,if(Q17="Unknown", Assumptions!$B$42,If(Q17>1,Q17,2)),0) -> 0 | X17: =if(V17<>0,if(R17="Unknown", Assumptions!$B$43,R17),0) -> 0 | Y17: =if(U17=1,if(X17/W17>8,1,0),0) -> 0 | Z17: =if(V17<>0,if( S17="Unknown", Assumptions!$B$44,S17),0) -> 0 | AA17: =if(V17 ="N2",ifna(vlookup(W17&"-"&X17,'Ref. VM'!A:B,2,0),"Custom"),if(V17 ="E2" , ifna(vlookup(W17&"-"&X17,'Ref. VM'!D:E,2,0),"Custom"),if(V17="N2D",ifna(vlookup(W17&"-"&X17,'Ref. VM'!G:H,2,0),"Custom"),if(V17="N4",ifna(vlookup(W17&"-"&X17,'Ref. VM'!J:K,2,0),"Custom"),0)))) -> 0 | AB17: =if( V17<>0,if(T17="Lift & Shift Prod",V17&"-"&AA17&" vCPUs-"&"CUD 3y",V17&"-"&AA17&" vCPUs"),0) -> 0 | AC17: =if( V17<>0,if(T17="Lift & Shift Prod",V17&"-"&AA17&" RAM-"&"CUD 3y",V17&"-"&AA17&" RAM"),0) -> 0 | AD17: =if(Y17=0,0,if( V17="N2D",if(T17="Lift & Shift Noprod","N2D-Extended custom memory","N2D-Extended custom memory-CUD 3y"),"N4-Extended custom memory")) -> 0 | AE17: =if(T17="Lift & Shift Prod",730,if(T17="Lift & Shift Noprod",Assumptions!$B$3,0)) -> 0 | AF17: =if( U17=0,0,if(Y17=0, ((vlookup(AB17,'SKU Pricing'!A:B,Assumptions!$B$2,0)*W17)+(vlookup(AC17,'SKU Pricing'!A:B,Assumptions!$B$2,0)*X17))*AE17,((vlookup(AB17,'SKU Pricing'!A:B,Assumptions!$B$2,0)*W17)+(vlookup(AC17,'SKU Pricing'!A:B,Assumptions!$B$2,0)*(W17*8))+(vlookup(AD17,'SKU Pricing'!A:B,Assumptions!$B$2,0)*(X17-(W17*8))))*AE17)) -> 0 | AG17: =if(V17<>0, if(D17="Windows","Windows Server",if(D17="Linux",if( E17="Red Hat",if( W17<=8,"Red Hat Enterprise Linux 2-8", if(W17<128,"Red Hat Enterprise Linux 9-127","Red Hat Enterprise Linux 128")),0),0)),0) -> 0 | AH17: =ifna(vlookup(AG17,'SKU Pricing'!A:B,Assumptions!$B$2,0)*W17*AE17,0) -> 0 | AI17: =if(V17<>0, if(O17="T1","Regional",""),"") | AJ17: =if(V17<>0, if(T17="Lift & Shift Noprod",Assumptions!$B$9,if(V17=Assumptions!$B$6,Assumptions!$B$10,if(P17=1,Assumptions!$B$8,Assumptions!$B$7))),"") | AK17: =if( AJ17="",0,if(AI17="",AJ17,AJ17)) -> 0 | AL17: =if(AJ17="Hyperdisk Balanced",Assumptions!$B$11,0) -> 0 | AM17: =if(AJ17="Hyperdisk Balanced",Assumptions!$B$12,0) -> 0 | AN17: =if(AK17=0,0,if(AJ17="Hyperdisk Balanced",vlookup(AK17&" provisioned space",'SKU Pricing'!A:B,Assumptions!$B$2,0)*Z17+vlookup(AK17&" provisioned IOPS",'SKU Pricing'!A:B,Assumptions!$B$2,0)*AL17*730+vlookup(AK17&" provisioned throughput",'SKU Pricing'!A:B,Assumptions!$B$2,0)*AM17*730,vlookup(AK17,'SKU Pricing'!A:B,Assumptions!$B$2,0)*Z17)) -> 0 | AO17: =AF17+AH17+AN17 -> 0 | AP17: =if(V17<>0, "VM Manager",0) -> 0 | AQ17: =ifna(vlookup(AP17,'SKU Pricing'!A:B,Assumptions!$B$2,0)*AE17,0) -> 0 | AR17: 0
A18: CST-CFX-001 | B18: =ifna(if(vlookup(A18,vOS!A:B,2,0)="","Unknown",vlookup(A18,vOS!A:B,2,0)),"Unknown") -> Microsoft Windows Server 2022 (64-bit) | C18: =vlookup(B18,'OS Study'!A:D,2,0) -> 0 | D18: =vlookup(B18,'OS Study'!A:D,3,0) -> Windows | E18: =vlookup(B18,'OS Study'!A:D,4,0) -> Server | F18: =vlookup(B18,'OS Study'!A:E,5,0) -> 2022 | G18: =IF(vlookup(A18,'RVtools V2.1'!A:J,4,0)="non",0,1) -> 1 | H18: =if(vlookup(A18,'RVtools V2.1'!A:K,11,0)="kube",1,0) -> 0 | I18: =if(H18=1, IF(COUNTIF(A18, "*MASTER*"), 1, 0),0) -> 0 | J18: =ifna(vlookup(A18,'Infra Study'!A:Q,17,0),0) -> 0 | K18: =IFERROR(__xludf.DUMMYFUNCTION("N(REGEXMATCH(VLOOKUP(A18, 'RVtools V2.1'!A:H, 8, 0), ""^Serveur de fichiers""))"),0.0) -> 0 | L18: =if(OR(C18=1,F18="2008 R2"),1,0) -> 0 | M18: =ifna(vlookup(A18,'RVtools V2.1'!A:I,8,0),"N/A") -> VM DEPOT CFX RAL | N18: =IFERROR(__xludf.DUMMYFUNCTION("IF(REGEXMATCH(M18, ""(?i)"" & JOIN(""|"", SPLIT(""kalisil"", "" ""))), 1, 0)"),0.0) -> 0 | O18: =vlookup(A18,'RVtools V2.1'!A:H,7,0) -> T1 | P18: =if(vlookup(A18,'RVtools V2.1'!A:H,5,0)="oui",1,0) -> 1 | Q18: =ifna(vlookup(A18,vCPU!A:B,2,0),"Unknown") -> 2 | R18: =ifna(vlookup(A18,vMemory!A:C,3,0),"Unknown") -> 4 | S18: =ifna(vlookup(A18,vDisk!A:C,3,0),"Unknown") -> 46 | T18: {=IFS( L18=1, "No Lift & Shift", J18=1, XLOOKUP(A18, 'Infra Study'!A:A, 'Infra Study'!P:P), I18=1, "No Lift & Shift", H18=1, "GKE", K18=1, "GCNV", G18=1, "Lift & Shift Prod", TRUE, "Lift & Shift Noprod" )} -> Lift & Shift Prod | U18: =if(OR(T18="Lift & Shift Prod", T18="Lift & Shift Noprod"),1,0) -> 1 | V18: =if(T18="Lift & Shift Noprod",if( Y18=0,Assumptions!$B$5, Assumptions!$B$4),if(T18="Lift & Shift Prod",if(AND(N18=1,O18="T1"),Assumptions!$B$6,Assumptions!$B$4),0)) -> N2D | W18: =if(V18<>0,if(Q18="Unknown", Assumptions!$B$42,If(Q18>1,Q18,2)),0) -> 2 | X18: =if(V18<>0,if(R18="Unknown", Assumptions!$B$43,R18),0) -> 4 | Y18: =if(U18=1,if(X18/W18>8,1,0),0) -> 0 | Z18: =if(V18<>0,if( S18="Unknown", Assumptions!$B$44,S18),0) -> 46 | AA18: =if(V18 ="N2",ifna(vlookup(W18&"-"&X18,'Ref. VM'!A:B,2,0),"Custom"),if(V18 ="E2" , ifna(vlookup(W18&"-"&X18,'Ref. VM'!D:E,2,0),"Custom"),if(V18="N2D",ifna(vlookup(W18&"-"&X18,'Ref. VM'!G:H,2,0),"Custom"),if(V18="N4",ifna(vlookup(W18&"-"&X18,'Ref. VM'!J:K,2,0),"Custom"),0)))) -> Custom | AB18: =if( V18<>0,if(T18="Lift & Shift Prod",V18&"-"&AA18&" vCPUs-"&"CUD 3y",V18&"-"&AA18&" vCPUs"),0) -> N2D-Custom vCPUs-CUD 3y | AC18: =if( V18<>0,if(T18="Lift & Shift Prod",V18&"-"&AA18&" RAM-"&"CUD 3y",V18&"-"&AA18&" RAM"),0) -> N2D-Custom RAM-CUD 3y | AD18: =if(Y18=0,0,if( V18="N2D",if(T18="Lift & Shift Noprod","N2D-Extended custom memory","N2D-Extended custom memory-CUD 3y"),"N4-Extended custom memory")) -> 0 | AE18: =if(T18="Lift & Shift Prod",730,if(T18="Lift & Shift Noprod",Assumptions!$B$3,0)) -> 730 | AF18: =if( U18=0,0,if(Y18=0, ((vlookup(AB18,'SKU Pricing'!A:B,Assumptions!$B$2,0)*W18)+(vlookup(AC18,'SKU Pricing'!A:B,Assumptions!$B$2,0)*X18))*AE18,((vlookup(AB18,'SKU Pricing'!A:B,Assumptions!$B$2,0)*W18)+(vlookup(AC18,'SKU Pricing'!A:B,Assumptions!$B$2,0)*(W18*8))+(vlookup(AD18,'SKU Pricing'!A:B,Assumptions!$B$2,0)*(X18-(W18*8))))*AE18)) -> 27.908326 | AG18: =if(V18<>0, if(D18="Windows","Windows Server",if(D18="Linux",if( E18="Red Hat",if( W18<=8,"Red Hat Enterprise Linux 2-8", if(W18<128,"Red Hat Enterprise Linux 9-127","Red Hat Enterprise Linux 128")),0),0)),0) -> Windows Server | AH18: =ifna(vlookup(AG18,'SKU Pricing'!A:B,Assumptions!$B$2,0)*W18*AE18,0) -> 67.16 | AI18: =if(V18<>0, if(O18="T1","Regional",""),"") -> Regional | AJ18: =if(V18<>0, if(T18="Lift & Shift Noprod",Assumptions!$B$9,if(V18=Assumptions!$B$6,Assumptions!$B$10,if(P18=1,Assumptions!$B$8,Assumptions!$B$7))),"") -> SSD | AK18: =if( AJ18="",0,if(AI18="",AJ18,AJ18)) -> SSD | AL18: =if(AJ18="Hyperdisk Balanced",Assumptions!$B$11,0) -> 0 | AM18: =if(AJ18="Hyperdisk Balanced",Assumptions!$B$12,0) -> 0 | AN18: =if(AK18=0,0,if(AJ18="Hyperdisk Balanced",vlookup(AK18&" provisioned space",'SKU Pricing'!A:B,Assumptions!$B$2,0)*Z18+vlookup(AK18&" provisioned IOPS",'SKU Pricing'!A:B,Assumptions!$B$2,0)*AL18*730+vlookup(AK18&" provisioned throughput",'SKU Pricing'!A:B,Assumptions!$B$2,0)*AM18*730,vlookup(AK18,'SKU Pricing'!A:B,Assumptions!$B$2,0)*Z18)) -> 9.062 | AO18: =AF18+AH18+AN18 -> 104.13033 | AP18: =if(V18<>0, "VM Manager",0) -> VM Manager | AQ18: =ifna(vlookup(AP18,'SKU Pricing'!A:B,Assumptions!$B$2,0)*AE18,0) -> 2.19 | AR18: 0
A19: UNI-DIFTV01 | B19: =ifna(if(vlookup(A19,vOS!A:B,2,0)="","Unknown",vlookup(A19,vOS!A:B,2,0)),"Unknown") -> Microsoft Windows 10 (64-bit) | C19: =vlookup(B19,'OS Study'!A:D,2,0) -> 0 | D19: =vlookup(B19,'OS Study'!A:D,3,0) -> Windows | E19: =vlookup(B19,'OS Study'!A:D,4,0) -> Workstation | F19: =vlookup(B19,'OS Study'!A:E,5,0) -> 10 | G19: =IF(vlookup(A19,'RVtools V2.1'!A:J,4,0)="non",0,1) -> 0 | H19: =if(vlookup(A19,'RVtools V2.1'!A:K,11,0)="kube",1,0) -> 0 | I19: =if(H19=1, IF(COUNTIF(A19, "*MASTER*"), 1, 0),0) -> 0 | J19: =ifna(vlookup(A19,'Infra Study'!A:Q,17,0),0) -> 1 | K19: =IFERROR(__xludf.DUMMYFUNCTION("N(REGEXMATCH(VLOOKUP(A19, 'RVtools V2.1'!A:H, 8, 0), ""^Serveur de fichiers""))"),0.0) -> 0 | L19: =if(OR(C19=1,F19="2008 R2"),1,0) -> 0 | M19: =ifna(vlookup(A19,'RVtools V2.1'!A:I,8,0),"N/A") -> Magic Info PLV - RAL | N19: =IFERROR(__xludf.DUMMYFUNCTION("IF(REGEXMATCH(M19, ""(?i)"" & JOIN(""|"", SPLIT(""kalisil"", "" ""))), 1, 0)"),0.0) -> 0 | O19: =vlookup(A19,'RVtools V2.1'!A:H,7,0) -> T3 | P19: =if(vlookup(A19,'RVtools V2.1'!A:H,5,0)="oui",1,0) -> 0 | Q19: =ifna(vlookup(A19,vCPU!A:B,2,0),"Unknown") -> 4 | R19: =ifna(vlookup(A19,vMemory!A:C,3,0),"Unknown") -> 8 | S19: =ifna(vlookup(A19,vDisk!A:C,3,0),"Unknown") -> 569 | T19: {=IFS( L19=1, "No Lift & Shift", J19=1, XLOOKUP(A19, 'Infra Study'!A:A, 'Infra Study'!P:P), I19=1, "No Lift & Shift", H19=1, "GKE", K19=1, "GCNV", G19=1, "Lift & Shift Prod", TRUE, "Lift & Shift Noprod" )} -> Consolidation | U19: =if(OR(T19="Lift & Shift Prod", T19="Lift & Shift Noprod"),1,0) -> 0 | V19: =if(T19="Lift & Shift Noprod",if( Y19=0,Assumptions!$B$5, Assumptions!$B$4),if(T19="Lift & Shift Prod",if(AND(N19=1,O19="T1"),Assumptions!$B$6,Assumptions!$B$4),0)) -> 0 | W19: =if(V19<>0,if(Q19="Unknown", Assumptions!$B$42,If(Q19>1,Q19,2)),0) -> 0 | X19: =if(V19<>0,if(R19="Unknown", Assumptions!$B$43,R19),0) -> 0 | Y19: =if(U19=1,if(X19/W19>8,1,0),0) -> 0 | Z19: =if(V19<>0,if( S19="Unknown", Assumptions!$B$44,S19),0) -> 0 | AA19: =if(V19 ="N2",ifna(vlookup(W19&"-"&X19,'Ref. VM'!A:B,2,0),"Custom"),if(V19 ="E2" , ifna(vlookup(W19&"-"&X19,'Ref. VM'!D:E,2,0),"Custom"),if(V19="N2D",ifna(vlookup(W19&"-"&X19,'Ref. VM'!G:H,2,0),"Custom"),if(V19="N4",ifna(vlookup(W19&"-"&X19,'Ref. VM'!J:K,2,0),"Custom"),0)))) -> 0 | AB19: =if( V19<>0,if(T19="Lift & Shift Prod",V19&"-"&AA19&" vCPUs-"&"CUD 3y",V19&"-"&AA19&" vCPUs"),0) -> 0 | AC19: =if( V19<>0,if(T19="Lift & Shift Prod",V19&"-"&AA19&" RAM-"&"CUD 3y",V19&"-"&AA19&" RAM"),0) -> 0 | AD19: =if(Y19=0,0,if( V19="N2D",if(T19="Lift & Shift Noprod","N2D-Extended custom memory","N2D-Extended custom memory-CUD 3y"),"N4-Extended custom memory")) -> 0 | AE19: =if(T19="Lift & Shift Prod",730,if(T19="Lift & Shift Noprod",Assumptions!$B$3,0)) -> 0 | AF19: =if( U19=0,0,if(Y19=0, ((vlookup(AB19,'SKU Pricing'!A:B,Assumptions!$B$2,0)*W19)+(vlookup(AC19,'SKU Pricing'!A:B,Assumptions!$B$2,0)*X19))*AE19,((vlookup(AB19,'SKU Pricing'!A:B,Assumptions!$B$2,0)*W19)+(vlookup(AC19,'SKU Pricing'!A:B,Assumptions!$B$2,0)*(W19*8))+(vlookup(AD19,'SKU Pricing'!A:B,Assumptions!$B$2,0)*(X19-(W19*8))))*AE19)) -> 0 | AG19: =if(V19<>0, if(D19="Windows","Windows Server",if(D19="Linux",if( E19="Red Hat",if( W19<=8,"Red Hat Enterprise Linux 2-8", if(W19<128,"Red Hat Enterprise Linux 9-127","Red Hat Enterprise Linux 128")),0),0)),0) -> 0 | AH19: =ifna(vlookup(AG19,'SKU Pricing'!A:B,Assumptions!$B$2,0)*W19*AE19,0) -> 0 | AI19: =if(V19<>0, if(O19="T1","Regional",""),"") | AJ19: =if(V19<>0, if(T19="Lift & Shift Noprod",Assumptions!$B$9,if(V19=Assumptions!$B$6,Assumptions!$B$10,if(P19=1,Assumptions!$B$8,Assumptions!$B$7))),"") | AK19: =if( AJ19="",0,if(AI19="",AJ19,AJ19)) -> 0 | AL19: =if(AJ19="Hyperdisk Balanced",Assumptions!$B$11,0) -> 0 | AM19: =if(AJ19="Hyperdisk Balanced",Assumptions!$B$12,0) -> 0 | AN19: =if(AK19=0,0,if(AJ19="Hyperdisk Balanced",vlookup(AK19&" provisioned space",'SKU Pricing'!A:B,Assumptions!$B$2,0)*Z19+vlookup(AK19&" provisioned IOPS",'SKU Pricing'!A:B,Assumptions!$B$2,0)*AL19*730+vlookup(AK19&" provisioned throughput",'SKU Pricing'!A:B,Assumptions!$B$2,0)*AM19*730,vlookup(AK19,'SKU Pricing'!A:B,Assumptions!$B$2,0)*Z19)) -> 0 | AO19: =AF19+AH19+AN19 -> 0 | AP19: =if(V19<>0, "VM Manager",0) -> 0 | AQ19: =ifna(vlookup(AP19,'SKU Pricing'!A:B,Assumptions!$B$2,0)*AE19,0) -> 0 | AR19: 0
A20: VMAQURE1 | B20: =ifna(if(vlookup(A20,vOS!A:B,2,0)="","Unknown",vlookup(A20,vOS!A:B,2,0)),"Unknown") -> Microsoft Windows Server 2019 (64-bit) | C20: =vlookup(B20,'OS Study'!A:D,2,0) -> 0 | D20: =vlookup(B20,'OS Study'!A:D,3,0) -> Windows | E20: =vlookup(B20,'OS Study'!A:D,4,0) -> Server | F20: =vlookup(B20,'OS Study'!A:E,5,0) -> 2019 | G20: =IF(vlookup(A20,'RVtools V2.1'!A:J,4,0)="non",0,1) -> 0 | H20: =if(vlookup(A20,'RVtools V2.1'!A:K,11,0)="kube",1,0) -> 0 | I20: =if(H20=1, IF(COUNTIF(A20, "*MASTER*"), 1, 0),0) -> 0 | J20: =ifna(vlookup(A20,'Infra Study'!A:Q,17,0),0) -> 0 | K20: =IFERROR(__xludf.DUMMYFUNCTION("N(REGEXMATCH(VLOOKUP(A20, 'RVtools V2.1'!A:H, 8, 0), ""^Serveur de fichiers""))"),0.0) -> 0 | L20: =if(OR(C20=1,F20="2008 R2"),1,0) -> 0 | M20: =ifna(vlookup(A20,'RVtools V2.1'!A:I,8,0),"N/A") -> Aqure - RAL | N20: =IFERROR(__xludf.DUMMYFUNCTION("IF(REGEXMATCH(M20, ""(?i)"" & JOIN(""|"", SPLIT(""kalisil"", "" ""))), 1, 0)"),0.0) -> 0 | O20: =vlookup(A20,'RVtools V2.1'!A:H,7,0) -> N/A | P20: =if(vlookup(A20,'RVtools V2.1'!A:H,5,0)="oui",1,0) -> 0 | Q20: =ifna(vlookup(A20,vCPU!A:B,2,0),"Unknown") -> 4 | R20: =ifna(vlookup(A20,vMemory!A:C,3,0),"Unknown") -> 16 | S20: =ifna(vlookup(A20,vDisk!A:C,3,0),"Unknown") -> 810 | T20: {=IFS( L20=1, "No Lift & Shift", J20=1, XLOOKUP(A20, 'Infra Study'!A:A, 'Infra Study'!P:P), I20=1, "No Lift & Shift", H20=1, "GKE", K20=1, "GCNV", G20=1, "Lift & Shift Prod", TRUE, "Lift & Shift Noprod" )} -> Lift & Shift Noprod | U20: =if(OR(T20="Lift & Shift Prod", T20="Lift & Shift Noprod"),1,0) -> 1 | V20: =if(T20="Lift & Shift Noprod",if( Y20=0,Assumptions!$B$5, Assumptions!$B$4),if(T20="Lift & Shift Prod",if(AND(N20=1,O20="T1"),Assumptions!$B$6,Assumptions!$B$4),0)) -> E2 | W20: =if(V20<>0,if(Q20="Unknown", Assumptions!$B$42,If(Q20>1,Q20,2)),0) -> 4 | X20: =if(V20<>0,if(R20="Unknown", Assumptions!$B$43,R20),0) -> 16 | Y20: =if(U20=1,if(X20/W20>8,1,0),0) -> 0 | Z20: =if(V20<>0,if( S20="Unknown", Assumptions!$B$44,S20),0) -> 810 | AA20: =if(V20 ="N2",ifna(vlookup(W20&"-"&X20,'Ref. VM'!A:B,2,0),"Custom"),if(V20 ="E2" , ifna(vlookup(W20&"-"&X20,'Ref. VM'!D:E,2,0),"Custom"),if(V20="N2D",ifna(vlookup(W20&"-"&X20,'Ref. VM'!G:H,2,0),"Custom"),if(V20="N4",ifna(vlookup(W20&"-"&X20,'Ref. VM'!J:K,2,0),"Custom"),0)))) -> Predefined | AB20: =if( V20<>0,if(T20="Lift & Shift Prod",V20&"-"&AA20&" vCPUs-"&"CUD 3y",V20&"-"&AA20&" vCPUs"),0) -> E2-Predefined vCPUs | AC20: =if( V20<>0,if(T20="Lift & Shift Prod",V20&"-"&AA20&" RAM-"&"CUD 3y",V20&"-"&AA20&" RAM"),0) -> E2-Predefined RAM | AD20: =if(Y20=0,0,if( V20="N2D",if(T20="Lift & Shift Noprod","N2D-Extended custom memory","N2D-Extended custom memory-CUD 3y"),"N4-Extended custom memory")) -> 0 | AE20: =if(T20="Lift & Shift Prod",730,if(T20="Lift & Shift Noprod",Assumptions!$B$3,0)) -> 270 | AF20: =if( U20=0,0,if(Y20=0, ((vlookup(AB20,'SKU Pricing'!A:B,Assumptions!$B$2,0)*W20)+(vlookup(AC20,'SKU Pricing'!A:B,Assumptions!$B$2,0)*X20))*AE20,((vlookup(AB20,'SKU Pricing'!A:B,Assumptions!$B$2,0)*W20)+(vlookup(AC20,'SKU Pricing'!A:B,Assumptions!$B$2,0)*(W20*8))+(vlookup(AD20,'SKU Pricing'!A:B,Assumptions!$B$2,0)*(X20-(W20*8))))*AE20)) -> 41.97528 | AG20: =if(V20<>0, if(D20="Windows","Windows Server",if(D20="Linux",if( E20="Red Hat",if( W20<=8,"Red Hat Enterprise Linux 2-8", if(W20<128,"Red Hat Enterprise Linux 9-127","Red Hat Enterprise Linux 128")),0),0)),0) -> Windows Server | AH20: =ifna(vlookup(AG20,'SKU Pricing'!A:B,Assumptions!$B$2,0)*W20*AE20,0) -> 49.68 | AI20: =if(V20<>0, if(O20="T1","Regional",""),"") | AJ20: =if(V20<>0, if(T20="Lift & Shift Noprod",Assumptions!$B$9,if(V20=Assumptions!$B$6,Assumptions!$B$10,if(P20=1,Assumptions!$B$8,Assumptions!$B$7))),"") -> Balanced | AK20: =if( AJ20="",0,if(AI20="",AJ20,AJ20)) -> Balanced | AL20: =if(AJ20="Hyperdisk Balanced",Assumptions!$B$11,0) -> 0 | AM20: =if(AJ20="Hyperdisk Balanced",Assumptions!$B$12,0) -> 0 | AN20: =if(AK20=0,0,if(AJ20="Hyperdisk Balanced",vlookup(AK20&" provisioned space",'SKU Pricing'!A:B,Assumptions!$B$2,0)*Z20+vlookup(AK20&" provisioned IOPS",'SKU Pricing'!A:B,Assumptions!$B$2,0)*AL20*730+vlookup(AK20&" provisioned throughput",'SKU Pricing'!A:B,Assumptions!$B$2,0)*AM20*730,vlookup(AK20,'SKU Pricing'!A:B,Assumptions!$B$2,0)*Z20)) -> 93.96 | AO20: =AF20+AH20+AN20 -> 185.61528 | AP20: =if(V20<>0, "VM Manager",0) -> VM Manager | AQ20: =ifna(vlookup(AP20,'SKU Pricing'!A:B,Assumptions!$B$2,0)*AE20,0) -> 0.81 | AR20: 0
A21: AURA-INCOMPLETS01 | B21: =ifna(if(vlookup(A21,vOS!A:B,2,0)="","Unknown",vlookup(A21,vOS!A:B,2,0)),"Unknown") -> Rocky Linux (64-bit) | C21: =vlookup(B21,'OS Study'!A:D,2,0) -> 0 | D21: =vlookup(B21,'OS Study'!A:D,3,0) -> Linux | E21: =vlookup(B21,'OS Study'!A:D,4,0) -> Rocky | F21: =vlookup(B21,'OS Study'!A:E,5,0) | G21: =IF(vlookup(A21,'RVtools V2.1'!A:J,4,0)="non",0,1) -> 1 | H21: =if(vlookup(A21,'RVtools V2.1'!A:K,11,0)="kube",1,0) -> 0 | I21: =if(H21=1, IF(COUNTIF(A21, "*MASTER*"), 1, 0),0) -> 0 | J21: =ifna(vlookup(A21,'Infra Study'!A:Q,17,0),0) -> 0 | K21: =IFERROR(__xludf.DUMMYFUNCTION("N(REGEXMATCH(VLOOKUP(A21, 'RVtools V2.1'!A:H, 8, 0), ""^Serveur de fichiers""))"),0.0) -> 0 | L21: =if(OR(C21=1,F21="2008 R2"),1,0) -> 0 | M21: =ifna(vlookup(A21,'RVtools V2.1'!A:I,8,0),"N/A") -> VM INCOMPLET AURA | N21: =IFERROR(__xludf.DUMMYFUNCTION("IF(REGEXMATCH(M21, ""(?i)"" & JOIN(""|"", SPLIT(""kalisil"", "" ""))), 1, 0)"),0.0) -> 0 | O21: =vlookup(A21,'RVtools V2.1'!A:H,7,0) -> N/A | P21: =if(vlookup(A21,'RVtools V2.1'!A:H,5,0)="oui",1,0) -> 0 | Q21: =ifna(vlookup(A21,vCPU!A:B,2,0),"Unknown") -> 4 | R21: =ifna(vlookup(A21,vMemory!A:C,3,0),"Unknown") -> 8 | S21: =ifna(vlookup(A21,vDisk!A:C,3,0),"Unknown") -> 17 | T21: {=IFS( L21=1, "No Lift & Shift", J21=1, XLOOKUP(A21, 'Infra Study'!A:A, 'Infra Study'!P:P), I21=1, "No Lift & Shift", H21=1, "GKE", K21=1, "GCNV", G21=1, "Lift & Shift Prod", TRUE, "Lift & Shift Noprod" )} -> Lift & Shift Prod | U21: =if(OR(T21="Lift & Shift Prod", T21="Lift & Shift Noprod"),1,0) -> 1 | V21: =if(T21="Lift & Shift Noprod",if( Y21=0,Assumptions!$B$5, Assumptions!$B$4),if(T21="Lift & Shift Prod",if(AND(N21=1,O21="T1"),Assumptions!$B$6,Assumptions!$B$4),0)) -> N2D | W21: =if(V21<>0,if(Q21="Unknown", Assumptions!$B$42,If(Q21>1,Q21,2)),0) -> 4 | X21: =if(V21<>0,if(R21="Unknown", Assumptions!$B$43,R21),0) -> 8 | Y21: =if(U21=1,if(X21/W21>8,1,0),0) -> 0 | Z21: =if(V21<>0,if( S21="Unknown", Assumptions!$B$44,S21),0) -> 17 | AA21: =if(V21 ="N2",ifna(vlookup(W21&"-"&X21,'Ref. VM'!A:B,2,0),"Custom"),if(V21 ="E2" , ifna(vlookup(W21&"-"&X21,'Ref. VM'!D:E,2,0),"Custom"),if(V21="N2D",ifna(vlookup(W21&"-"&X21,'Ref. VM'!G:H,2,0),"Custom"),if(V21="N4",ifna(vlookup(W21&"-"&X21,'Ref. VM'!J:K,2,0),"Custom"),0)))) -> Custom | AB21: =if( V21<>0,if(T21="Lift & Shift Prod",V21&"-"&AA21&" vCPUs-"&"CUD 3y",V21&"-"&AA21&" vCPUs"),0) -> N2D-Custom vCPUs-CUD 3y | AC21: =if( V21<>0,if(T21="Lift & Shift Prod",V21&"-"&AA21&" RAM-"&"CUD 3y",V21&"-"&AA21&" RAM"),0) -> N2D-Custom RAM-CUD 3y | AD21: =if(Y21=0,0,if( V21="N2D",if(T21="Lift & Shift Noprod","N2D-Extended custom memory","N2D-Extended custom memory-CUD 3y"),"N4-Extended custom memory")) -> 0 | AE21: =if(T21="Lift & Shift Prod",730,if(T21="Lift & Shift Noprod",Assumptions!$B$3,0)) -> 730 | AF21: =if( U21=0,0,if(Y21=0, ((vlookup(AB21,'SKU Pricing'!A:B,Assumptions!$B$2,0)*W21)+(vlookup(AC21,'SKU Pricing'!A:B,Assumptions!$B$2,0)*X21))*AE21,((vlookup(AB21,'SKU Pricing'!A:B,Assumptions!$B$2,0)*W21)+(vlookup(AC21,'SKU Pricing'!A:B,Assumptions!$B$2,0)*(W21*8))+(vlookup(AD21,'SKU Pricing'!A:B,Assumptions!$B$2,0)*(X21-(W21*8))))*AE21)) -> 55.816653 | AG21: =if(V21<>0, if(D21="Windows","Windows Server",if(D21="Linux",if( E21="Red Hat",if( W21<=8,"Red Hat Enterprise Linux 2-8", if(W21<128,"Red Hat Enterprise Linux 9-127","Red Hat Enterprise Linux 128")),0),0)),0) -> 0 | AH21: =ifna(vlookup(AG21,'SKU Pricing'!A:B,Assumptions!$B$2,0)*W21*AE21,0) -> 0 | AI21: =if(V21<>0, if(O21="T1","Regional",""),"") | AJ21: =if(V21<>0, if(T21="Lift & Shift Noprod",Assumptions!$B$9,if(V21=Assumptions!$B$6,Assumptions!$B$10,if(P21=1,Assumptions!$B$8,Assumptions!$B$7))),"") -> Balanced | AK21: =if( AJ21="",0,if(AI21="",AJ21,AJ21)) -> Balanced | AL21: =if(AJ21="Hyperdisk Balanced",Assumptions!$B$11,0) -> 0 | AM21: =if(AJ21="Hyperdisk Balanced",Assumptions!$B$12,0) -> 0 | AN21: =if(AK21=0,0,if(AJ21="Hyperdisk Balanced",vlookup(AK21&" provisioned space",'SKU Pricing'!A:B,Assumptions!$B$2,0)*Z21+vlookup(AK21&" provisioned IOPS",'SKU Pricing'!A:B,Assumptions!$B$2,0)*AL21*730+vlookup(AK21&" provisioned throughput",'SKU Pricing'!A:B,Assumptions!$B$2,0)*AM21*730,vlookup(AK21,'SKU Pricing'!A:B,Assumptions!$B$2,0)*Z21)) -> 1.972 | AO21: =AF21+AH21+AN21 -> 57.788653 | AP21: =if(V21<>0, "VM Manager",0) -> VM Manager | AQ21: =ifna(vlookup(AP21,'SKU Pricing'!A:B,Assumptions!$B$2,0)*AE21,0) -> 2.19 | AR21: 0
A22: AURA-INCOMPLETS-TEST01 | B22: =ifna(if(vlookup(A22,vOS!A:B,2,0)="","Unknown",vlookup(A22,vOS!A:B,2,0)),"Unknown") -> Rocky Linux (64-bit) | C22: =vlookup(B22,'OS Study'!A:D,2,0) -> 0 | D22: =vlookup(B22,'OS Study'!A:D,3,0) -> Linux | E22: =vlookup(B22,'OS Study'!A:D,4,0) -> Rocky | F22: =vlookup(B22,'OS Study'!A:E,5,0) | G22: =IF(vlookup(A22,'RVtools V2.1'!A:J,4,0)="non",0,1) -> 0 | H22: =if(vlookup(A22,'RVtools V2.1'!A:K,11,0)="kube",1,0) -> 0 | I22: =if(H22=1, IF(COUNTIF(A22, "*MASTER*"), 1, 0),0) -> 0 | J22: =ifna(vlookup(A22,'Infra Study'!A:Q,17,0),0) -> 0 | K22: =IFERROR(__xludf.DUMMYFUNCTION("N(REGEXMATCH(VLOOKUP(A22, 'RVtools V2.1'!A:H, 8, 0), ""^Serveur de fichiers""))"),0.0) -> 0 | L22: =if(OR(C22=1,F22="2008 R2"),1,0) -> 0 | M22: =ifna(vlookup(A22,'RVtools V2.1'!A:I,8,0),"N/A") -> VM INCOMPLET TEST AURA | N22: =IFERROR(__xludf.DUMMYFUNCTION("IF(REGEXMATCH(M22, ""(?i)"" & JOIN(""|"", SPLIT(""kalisil"", "" ""))), 1, 0)"),0.0) -> 0 | O22: =vlookup(A22,'RVtools V2.1'!A:H,7,0) -> N/A | P22: =if(vlookup(A22,'RVtools V2.1'!A:H,5,0)="oui",1,0) -> 0 | Q22: =ifna(vlookup(A22,vCPU!A:B,2,0),"Unknown") -> 4 | R22: =ifna(vlookup(A22,vMemory!A:C,3,0),"Unknown") -> 8 | S22: =ifna(vlookup(A22,vDisk!A:C,3,0),"Unknown") -> 13 | T22: {=IFS( L22=1, "No Lift & Shift", J22=1, XLOOKUP(A22, 'Infra Study'!A:A, 'Infra Study'!P:P), I22=1, "No Lift & Shift", H22=1, "GKE", K22=1, "GCNV", G22=1, "Lift & Shift Prod", TRUE, "Lift & Shift Noprod" )} -> Lift & Shift Noprod | U22: =if(OR(T22="Lift & Shift Prod", T22="Lift & Shift Noprod"),1,0) -> 1 | V22: =if(T22="Lift & Shift Noprod",if( Y22=0,Assumptions!$B$5, Assumptions!$B$4),if(T22="Lift & Shift Prod",if(AND(N22=1,O22="T1"),Assumptions!$B$6,Assumptions!$B$4),0)) -> E2 | W22: =if(V22<>0,if(Q22="Unknown", Assumptions!$B$42,If(Q22>1,Q22,2)),0) -> 4 | X22: =if(V22<>0,if(R22="Unknown", Assumptions!$B$43,R22),0) -> 8 | Y22: =if(U22=1,if(X22/W22>8,1,0),0) -> 0 | Z22: =if(V22<>0,if( S22="Unknown", Assumptions!$B$44,S22),0) -> 13 | AA22: =if(V22 ="N2",ifna(vlookup(W22&"-"&X22,'Ref. VM'!A:B,2,0),"Custom"),if(V22 ="E2" , ifna(vlookup(W22&"-"&X22,'Ref. VM'!D:E,2,0),"Custom"),if(V22="N2D",ifna(vlookup(W22&"-"&X22,'Ref. VM'!G:H,2,0),"Custom"),if(V22="N4",ifna(vlookup(W22&"-"&X22,'Ref. VM'!J:K,2,0),"Custom"),0)))) -> Custom | AB22: =if( V22<>0,if(T22="Lift & Shift Prod",V22&"-"&AA22&" vCPUs-"&"CUD 3y",V22&"-"&AA22&" vCPUs"),0) -> E2-Custom vCPUs | AC22: =if( V22<>0,if(T22="Lift & Shift Prod",V22&"-"&AA22&" RAM-"&"CUD 3y",V22&"-"&AA22&" RAM"),0) -> E2-Custom RAM | AD22: =if(Y22=0,0,if( V22="N2D",if(T22="Lift & Shift Noprod","N2D-Extended custom memory","N2D-Extended custom memory-CUD 3y"),"N4-Extended custom memory")) -> 0 | AE22: =if(T22="Lift & Shift Prod",730,if(T22="Lift & Shift Noprod",Assumptions!$B$3,0)) -> 270 | AF22: =if( U22=0,0,if(Y22=0, ((vlookup(AB22,'SKU Pricing'!A:B,Assumptions!$B$2,0)*W22)+(vlookup(AC22,'SKU Pricing'!A:B,Assumptions!$B$2,0)*X22))*AE22,((vlookup(AB22,'SKU Pricing'!A:B,Assumptions!$B$2,0)*W22)+(vlookup(AC22,'SKU Pricing'!A:B,Assumptions!$B$2,0)*(W22*8))+(vlookup(AD22,'SKU Pricing'!A:B,Assumptions!$B$2,0)*(X22-(W22*8))))*AE22)) -> 36.383256 | AG22: =if(V22<>0, if(D22="Windows","Windows Server",if(D22="Linux",if( E22="Red Hat",if( W22<=8,"Red Hat Enterprise Linux 2-8", if(W22<128,"Red Hat Enterprise Linux 9-127","Red Hat Enterprise Linux 128")),0),0)),0) -> 0 | AH22: =ifna(vlookup(AG22,'SKU Pricing'!A:B,Assumptions!$B$2,0)*W22*AE22,0) -> 0 | AI22: =if(V22<>0, if(O22="T1","Regional",""),"") | AJ22: =if(V22<>0, if(T22="Lift & Shift Noprod",Assumptions!$B$9,if(V22=Assumptions!$B$6,Assumptions!$B$10,if(P22=1,Assumptions!$B$8,Assumptions!$B$7))),"") -> Balanced | AK22: =if( AJ22="",0,if(AI22="",AJ22,AJ22)) -> Balanced | AL22: =if(AJ22="Hyperdisk Balanced",Assumptions!$B$11,0) -> 0 | AM22: =if(AJ22="Hyperdisk Balanced",Assumptions!$B$12,0) -> 0 | AN22: =if(AK22=0,0,if(AJ22="Hyperdisk Balanced",vlookup(AK22&" provisioned space",'SKU Pricing'!A:B,Assumptions!$B$2,0)*Z22+vlookup(AK22&" provisioned IOPS",'SKU Pricing'!A:B,Assumptions!$B$2,0)*AL22*730+vlookup(AK22&" provisioned throughput",'SKU Pricing'!A:B,Assumptions!$B$2,0)*AM22*730,vlookup(AK22,'SKU Pricing'!A:B,Assumptions!$B$2,0)*Z22)) -> 1.508 | AO22: =AF22+AH22+AN22 -> 37.891256 | AP22: =if(V22<>0, "VM Manager",0) -> VM Manager | AQ22: =ifna(vlookup(AP22,'SKU Pricing'!A:B,Assumptions!$B$2,0)*AE22,0) -> 0.81 | AR22: 0
A23: VMINFECTIOGLOBAL | B23: =ifna(if(vlookup(A23,vOS!A:B,2,0)="","Unknown",vlookup(A23,vOS!A:B,2,0)),"Unknown") -> Microsoft Windows Server 2016 or later (64-bit) | C23: =vlookup(B23,'OS Study'!A:D,2,0) -> 0 | D23: =vlookup(B23,'OS Study'!A:D,3,0) -> Windows | E23: =vlookup(B23,'OS Study'!A:D,4,0) -> Server | F23: =vlookup(B23,'OS Study'!A:E,5,0) -> 2016 | G23: =IF(vlookup(A23,'RVtools V2.1'!A:J,4,0)="non",0,1) -> 1 | H23: =if(vlookup(A23,'RVtools V2.1'!A:K,11,0)="kube",1,0) -> 0 | I23: =if(H23=1, IF(COUNTIF(A23, "*MASTER*"), 1, 0),0) -> 0 | J23: =ifna(vlookup(A23,'Infra Study'!A:Q,17,0),0) -> 0 | K23: =IFERROR(__xludf.DUMMYFUNCTION("N(REGEXMATCH(VLOOKUP(A23, 'RVtools V2.1'!A:H, 8, 0), ""^Serveur de fichiers""))"),0.0) -> 0 | L23: =if(OR(C23=1,F23="2008 R2"),1,0) -> 0 | M23: =ifna(vlookup(A23,'RVtools V2.1'!A:I,8,0),"N/A") -> Infectio - RAL | N23: =IFERROR(__xludf.DUMMYFUNCTION("IF(REGEXMATCH(M23, ""(?i)"" & JOIN(""|"", SPLIT(""kalisil"", "" ""))), 1, 0)"),0.0) -> 0 | O23: =vlookup(A23,'RVtools V2.1'!A:H,7,0) -> T1 | P23: =if(vlookup(A23,'RVtools V2.1'!A:H,5,0)="oui",1,0) -> 1 | Q23: =ifna(vlookup(A23,vCPU!A:B,2,0),"Unknown") -> 6 | R23: =ifna(vlookup(A23,vMemory!A:C,3,0),"Unknown") -> 8 | S23: =ifna(vlookup(A23,vDisk!A:C,3,0),"Unknown") -> 648 | T23: {=IFS( L23=1, "No Lift & Shift", J23=1, XLOOKUP(A23, 'Infra Study'!A:A, 'Infra Study'!P:P), I23=1, "No Lift & Shift", H23=1, "GKE", K23=1, "GCNV", G23=1, "Lift & Shift Prod", TRUE, "Lift & Shift Noprod" )} -> Lift & Shift Prod | U23: =if(OR(T23="Lift & Shift Prod", T23="Lift & Shift Noprod"),1,0) -> 1 | V23: =if(T23="Lift & Shift Noprod",if( Y23=0,Assumptions!$B$5, Assumptions!$B$4),if(T23="Lift & Shift Prod",if(AND(N23=1,O23="T1"),Assumptions!$B$6,Assumptions!$B$4),0)) -> N2D | W23: =if(V23<>0,if(Q23="Unknown", Assumptions!$B$42,If(Q23>1,Q23,2)),0) -> 6 | X23: =if(V23<>0,if(R23="Unknown", Assumptions!$B$43,R23),0) -> 8 | Y23: =if(U23=1,if(X23/W23>8,1,0),0) -> 0 | Z23: =if(V23<>0,if( S23="Unknown", Assumptions!$B$44,S23),0) -> 648 | AA23: =if(V23 ="N2",ifna(vlookup(W23&"-"&X23,'Ref. VM'!A:B,2,0),"Custom"),if(V23 ="E2" , ifna(vlookup(W23&"-"&X23,'Ref. VM'!D:E,2,0),"Custom"),if(V23="N2D",ifna(vlookup(W23&"-"&X23,'Ref. VM'!G:H,2,0),"Custom"),if(V23="N4",ifna(vlookup(W23&"-"&X23,'Ref. VM'!J:K,2,0),"Custom"),0)))) -> Custom | AB23: =if( V23<>0,if(T23="Lift & Shift Prod",V23&"-"&AA23&" vCPUs-"&"CUD 3y",V23&"-"&AA23&" vCPUs"),0) -> N2D-Custom vCPUs-CUD 3y | AC23: =if( V23<>0,if(T23="Lift & Shift Prod",V23&"-"&AA23&" RAM-"&"CUD 3y",V23&"-"&AA23&" RAM"),0) -> N2D-Custom RAM-CUD 3y | AD23: =if(Y23=0,0,if( V23="N2D",if(T23="Lift & Shift Noprod","N2D-Extended custom memory","N2D-Extended custom memory-CUD 3y"),"N4-Extended custom memory")) -> 0 | AE23: =if(T23="Lift & Shift Prod",730,if(T23="Lift & Shift Noprod",Assumptions!$B$3,0)) -> 730 | AF23: =if( U23=0,0,if(Y23=0, ((vlookup(AB23,'SKU Pricing'!A:B,Assumptions!$B$2,0)*W23)+(vlookup(AC23,'SKU Pricing'!A:B,Assumptions!$B$2,0)*X23))*AE23,((vlookup(AB23,'SKU Pricing'!A:B,Assumptions!$B$2,0)*W23)+(vlookup(AC23,'SKU Pricing'!A:B,Assumptions!$B$2,0)*(W23*8))+(vlookup(AD23,'SKU Pricing'!A:B,Assumptions!$B$2,0)*(X23-(W23*8))))*AE23)) -> 77.824646 | AG23: =if(V23<>0, if(D23="Windows","Windows Server",if(D23="Linux",if( E23="Red Hat",if( W23<=8,"Red Hat Enterprise Linux 2-8", if(W23<128,"Red Hat Enterprise Linux 9-127","Red Hat Enterprise Linux 128")),0),0)),0) -> Windows Server | AH23: =ifna(vlookup(AG23,'SKU Pricing'!A:B,Assumptions!$B$2,0)*W23*AE23,0) -> 201.48 | AI23: =if(V23<>0, if(O23="T1","Regional",""),"") -> Regional | AJ23: =if(V23<>0, if(T23="Lift & Shift Noprod",Assumptions!$B$9,if(V23=Assumptions!$B$6,Assumptions!$B$10,if(P23=1,Assumptions!$B$8,Assumptions!$B$7))),"") -> SSD | AK23: =if( AJ23="",0,if(AI23="",AJ23,AJ23)) -> SSD | AL23: =if(AJ23="Hyperdisk Balanced",Assumptions!$B$11,0) -> 0 | AM23: =if(AJ23="Hyperdisk Balanced",Assumptions!$B$12,0) -> 0 | AN23: =if(AK23=0,0,if(AJ23="Hyperdisk Balanced",vlookup(AK23&" provisioned space",'SKU Pricing'!A:B,Assumptions!$B$2,0)*Z23+vlookup(AK23&" provisioned IOPS",'SKU Pricing'!A:B,Assumptions!$B$2,0)*AL23*730+vlookup(AK23&" provisioned throughput",'SKU Pricing'!A:B,Assumptions!$B$2,0)*AM23*730,vlookup(AK23,'SKU Pricing'!A:B,Assumptions!$B$2,0)*Z23)) -> 127.656 | AO23: =AF23+AH23+AN23 -> 406.96065 | AP23: =if(V23<>0, "VM Manager",0) -> VM Manager | AQ23: =ifna(vlookup(AP23,'SKU Pricing'!A:B,Assumptions!$B$2,0)*AE23,0) -> 2.19 | AR23: 0
A24: VMKALISILFRONTDLS | B24: =ifna(if(vlookup(A24,vOS!A:B,2,0)="","Unknown",vlookup(A24,vOS!A:B,2,0)),"Unknown") -> Debian GNU/Linux 9 (64-bit) | C24: =vlookup(B24,'OS Study'!A:D,2,0) -> 0 | D24: =vlookup(B24,'OS Study'!A:D,3,0) -> Linux | E24: =vlookup(B24,'OS Study'!A:D,4,0) -> Debian | F24: =vlookup(B24,'OS Study'!A:E,5,0) -> 9 | G24: =IF(vlookup(A24,'RVtools V2.1'!A:J,4,0)="non",0,1) -> 1 | H24: =if(vlookup(A24,'RVtools V2.1'!A:K,11,0)="kube",1,0) -> 0 | I24: =if(H24=1, IF(COUNTIF(A24, "*MASTER*"), 1, 0),0) -> 0 | J24: =ifna(vlookup(A24,'Infra Study'!A:Q,17,0),0) -> 0 | K24: =IFERROR(__xludf.DUMMYFUNCTION("N(REGEXMATCH(VLOOKUP(A24, 'RVtools V2.1'!A:H, 8, 0), ""^Serveur de fichiers""))"),0.0) -> 0 | L24: =if(OR(C24=1,F24="2008 R2"),1,0) -> 0 | M24: =ifna(vlookup(A24,'RVtools V2.1'!A:I,8,0),"N/A") -> VM KALIFRONT REP | N24: =IFERROR(__xludf.DUMMYFUNCTION("IF(REGEXMATCH(M24, ""(?i)"" & JOIN(""|"", SPLIT(""kalisil"", "" ""))), 1, 0)"),0.0) -> 0 | O24: =vlookup(A24,'RVtools V2.1'!A:H,7,0) -> N/A | P24: =if(vlookup(A24,'RVtools V2.1'!A:H,5,0)="oui",1,0) -> 0 | Q24: =ifna(vlookup(A24,vCPU!A:B,2,0),"Unknown") -> 8 | R24: =ifna(vlookup(A24,vMemory!A:C,3,0),"Unknown") -> 32 | S24: =ifna(vlookup(A24,vDisk!A:C,3,0),"Unknown") -> 32622 | T24: {=IFS( L24=1, "No Lift & Shift", J24=1, XLOOKUP(A24, 'Infra Study'!A:A, 'Infra Study'!P:P), I24=1, "No Lift & Shift", H24=1, "GKE", K24=1, "GCNV", G24=1, "Lift & Shift Prod", TRUE, "Lift & Shift Noprod" )} -> Lift & Shift Prod | U24: =if(OR(T24="Lift & Shift Prod", T24="Lift & Shift Noprod"),1,0) -> 1 | V24: =if(T24="Lift & Shift Noprod",if( Y24=0,Assumptions!$B$5, Assumptions!$B$4),if(T24="Lift & Shift Prod",if(AND(N24=1,O24="T1"),Assumptions!$B$6,Assumptions!$B$4),0)) -> N2D | W24: =if(V24<>0,if(Q24="Unknown", Assumptions!$B$42,If(Q24>1,Q24,2)),0) -> 8 | X24: =if(V24<>0,if(R24="Unknown", Assumptions!$B$43,R24),0) -> 32 | Y24: =if(U24=1,if(X24/W24>8,1,0),0) -> 0 | Z24: =if(V24<>0,if( S24="Unknown", Assumptions!$B$44,S24),0) -> 32622 | AA24: =if(V24 ="N2",ifna(vlookup(W24&"-"&X24,'Ref. VM'!A:B,2,0),"Custom"),if(V24 ="E2" , ifna(vlookup(W24&"-"&X24,'Ref. VM'!D:E,2,0),"Custom"),if(V24="N2D",ifna(vlookup(W24&"-"&X24,'Ref. VM'!G:H,2,0),"Custom"),if(V24="N4",ifna(vlookup(W24&"-"&X24,'Ref. VM'!J:K,2,0),"Custom"),0)))) -> Predefined | AB24: =if( V24<>0,if(T24="Lift & Shift Prod",V24&"-"&AA24&" vCPUs-"&"CUD 3y",V24&"-"&AA24&" vCPUs"),0) -> N2D-Predefined vCPUs-CUD 3y | AC24: =if( V24<>0,if(T24="Lift & Shift Prod",V24&"-"&AA24&" RAM-"&"CUD 3y",V24&"-"&AA24&" RAM"),0) -> N2D-Predefined RAM-CUD 3y | AD24: =if(Y24=0,0,if( V24="N2D",if(T24="Lift & Shift Noprod","N2D-Extended custom memory","N2D-Extended custom memory-CUD 3y"),"N4-Extended custom memory")) -> 0 | AE24: =if(T24="Lift & Shift Prod",730,if(T24="Lift & Shift Noprod",Assumptions!$B$3,0)) -> 730 | AF24: =if( U24=0,0,if(Y24=0, ((vlookup(AB24,'SKU Pricing'!A:B,Assumptions!$B$2,0)*W24)+(vlookup(AC24,'SKU Pricing'!A:B,Assumptions!$B$2,0)*X24))*AE24,((vlookup(AB24,'SKU Pricing'!A:B,Assumptions!$B$2,0)*W24)+(vlookup(AC24,'SKU Pricing'!A:B,Assumptions!$B$2,0)*(W24*8))+(vlookup(AD24,'SKU Pricing'!A:B,Assumptions!$B$2,0)*(X24-(W24*8))))*AE24)) -> 128.79489 | AG24: =if(V24<>0, if(D24="Windows","Windows Server",if(D24="Linux",if( E24="Red Hat",if( W24<=8,"Red Hat Enterprise Linux 2-8", if(W24<128,"Red Hat Enterprise Linux 9-127","Red Hat Enterprise Linux 128")),0),0)),0) -> 0 | AH24: =ifna(vlookup(AG24,'SKU Pricing'!A:B,Assumptions!$B$2,0)*W24*AE24,0) -> 0 | AI24: =if(V24<>0, if(O24="T1","Regional",""),"") | AJ24: =if(V24<>0, if(T24="Lift & Shift Noprod",Assumptions!$B$9,if(V24=Assumptions!$B$6,Assumptions!$B$10,if(P24=1,Assumptions!$B$8,Assumptions!$B$7))),"") -> Balanced | AK24: =if( AJ24="",0,if(AI24="",AJ24,AJ24)) -> Balanced | AL24: =if(AJ24="Hyperdisk Balanced",Assumptions!$B$11,0) -> 0 | AM24: =if(AJ24="Hyperdisk Balanced",Assumptions!$B$12,0) -> 0 | AN24: =if(AK24=0,0,if(AJ24="Hyperdisk Balanced",vlookup(AK24&" provisioned space",'SKU Pricing'!A:B,Assumptions!$B$2,0)*Z24+vlookup(AK24&" provisioned IOPS",'SKU Pricing'!A:B,Assumptions!$B$2,0)*AL24*730+vlookup(AK24&" provisioned throughput",'SKU Pricing'!A:B,Assumptions!$B$2,0)*AM24*730,vlookup(AK24,'SKU Pricing'!A:B,Assumptions!$B$2,0)*Z24)) -> 3784.152 | AO24: =AF24+AH24+AN24 -> 3912.9469 | AP24: =if(V24<>0, "VM Manager",0) -> VM Manager | AQ24: =ifna(vlookup(AP24,'SKU Pricing'!A:B,Assumptions!$B$2,0)*AE24,0) -> 2.19 | AR24: 0
A25: VMNC1 | B25: =ifna(if(vlookup(A25,vOS!A:B,2,0)="","Unknown",vlookup(A25,vOS!A:B,2,0)),"Unknown") -> CentOS 7 (64-bit) | C25: =vlookup(B25,'OS Study'!A:D,2,0) -> 0 | D25: =vlookup(B25,'OS Study'!A:D,3,0) -> Linux | E25: =vlookup(B25,'OS Study'!A:D,4,0) -> CentOS | F25: =vlookup(B25,'OS Study'!A:E,5,0) -> 4/5/6/7 | G25: =IF(vlookup(A25,'RVtools V2.1'!A:J,4,0)="non",0,1) -> 1 | H25: =if(vlookup(A25,'RVtools V2.1'!A:K,11,0)="kube",1,0) -> 0 | I25: =if(H25=1, IF(COUNTIF(A25, "*MASTER*"), 1, 0),0) -> 0 | J25: =ifna(vlookup(A25,'Infra Study'!A:Q,17,0),0) -> 0 | K25: =IFERROR(__xludf.DUMMYFUNCTION("N(REGEXMATCH(VLOOKUP(A25, 'RVtools V2.1'!A:H, 8, 0), ""^Serveur de fichiers""))"),0.0) -> 0 | L25: =if(OR(C25=1,F25="2008 R2"),1,0) -> 0 | M25: =ifna(vlookup(A25,'RVtools V2.1'!A:I,8,0),"N/A") -> Dev L Tabard | N25: =IFERROR(__xludf.DUMMYFUNCTION("IF(REGEXMATCH(M25, ""(?i)"" & JOIN(""|"", SPLIT(""kalisil"", "" ""))), 1, 0)"),0.0) -> 0 | O25: =vlookup(A25,'RVtools V2.1'!A:H,7,0) -> N/A | P25: =if(vlookup(A25,'RVtools V2.1'!A:H,5,0)="oui",1,0) -> 0 | Q25: =ifna(vlookup(A25,vCPU!A:B,2,0),"Unknown") -> 4 | R25: =ifna(vlookup(A25,vMemory!A:C,3,0),"Unknown") -> 8 | S25: =ifna(vlookup(A25,vDisk!A:C,3,0),"Unknown") -> 755 | T25: {=IFS( L25=1, "No Lift & Shift", J25=1, XLOOKUP(A25, 'Infra Study'!A:A, 'Infra Study'!P:P), I25=1, "No Lift & Shift", H25=1, "GKE", K25=1, "GCNV", G25=1, "Lift & Shift Prod", TRUE, "Lift & Shift Noprod" )} -> Lift & Shift Prod | U25: =if(OR(T25="Lift & Shift Prod", T25="Lift & Shift Noprod"),1,0) -> 1 | V25: =if(T25="Lift & Shift Noprod",if( Y25=0,Assumptions!$B$5, Assumptions!$B$4),if(T25="Lift & Shift Prod",if(AND(N25=1,O25="T1"),Assumptions!$B$6,Assumptions!$B$4),0)) -> N2D | W25: =if(V25<>0,if(Q25="Unknown", Assumptions!$B$42,If(Q25>1,Q25,2)),0) -> 4 | X25: =if(V25<>0,if(R25="Unknown", Assumptions!$B$43,R25),0) -> 8 | Y25: =if(U25=1,if(X25/W25>8,1,0),0) -> 0 | Z25: =if(V25<>0,if( S25="Unknown", Assumptions!$B$44,S25),0) -> 755 | AA25: =if(V25 ="N2",ifna(vlookup(W25&"-"&X25,'Ref. VM'!A:B,2,0),"Custom"),if(V25 ="E2" , ifna(vlookup(W25&"-"&X25,'Ref. VM'!D:E,2,0),"Custom"),if(V25="N2D",ifna(vlookup(W25&"-"&X25,'Ref. VM'!G:H,2,0),"Custom"),if(V25="N4",ifna(vlookup(W25&"-"&X25,'Ref. VM'!J:K,2,0),"Custom"),0)))) -> Custom | AB25: =if( V25<>0,if(T25="Lift & Shift Prod",V25&"-"&AA25&" vCPUs-"&"CUD 3y",V25&"-"&AA25&" vCPUs"),0) -> N2D-Custom vCPUs-CUD 3y | AC25: =if( V25<>0,if(T25="Lift & Shift Prod",V25&"-"&AA25&" RAM-"&"CUD 3y",V25&"-"&AA25&" RAM"),0) -> N2D-Custom RAM-CUD 3y | AD25: =if(Y25=0,0,if( V25="N2D",if(T25="Lift & Shift Noprod","N2D-Extended custom memory","N2D-Extended custom memory-CUD 3y"),"N4-Extended custom memory")) -> 0 | AE25: =if(T25="Lift & Shift Prod",730,if(T25="Lift & Shift Noprod",Assumptions!$B$3,0)) -> 730 | AF25: =if( U25=0,0,if(Y25=0, ((vlookup(AB25,'SKU Pricing'!A:B,Assumptions!$B$2,0)*W25)+(vlookup(AC25,'SKU Pricing'!A:B,Assumptions!$B$2,0)*X25))*AE25,((vlookup(AB25,'SKU Pricing'!A:B,Assumptions!$B$2,0)*W25)+(vlookup(AC25,'SKU Pricing'!A:B,Assumptions!$B$2,0)*(W25*8))+(vlookup(AD25,'SKU Pricing'!A:B,Assumptions!$B$2,0)*(X25-(W25*8))))*AE25)) -> 55.816653 | AG25: =if(V25<>0, if(D25="Windows","Windows Server",if(D25="Linux",if( E25="Red Hat",if( W25<=8,"Red Hat Enterprise Linux 2-8", if(W25<128,"Red Hat Enterprise Linux 9-127","Red Hat Enterprise Linux 128")),0),0)),0) -> 0 | AH25: =ifna(vlookup(AG25,'SKU Pricing'!A:B,Assumptions!$B$2,0)*W25*AE25,0) -> 0 | AI25: =if(V25<>0, if(O25="T1","Regional",""),"") | AJ25: =if(V25<>0, if(T25="Lift & Shift Noprod",Assumptions!$B$9,if(V25=Assumptions!$B$6,Assumptions!$B$10,if(P25=1,Assumptions!$B$8,Assumptions!$B$7))),"") -> Balanced | AK25: =if( AJ25="",0,if(AI25="",AJ25,AJ25)) -> Balanced | AL25: =if(AJ25="Hyperdisk Balanced",Assumptions!$B$11,0) -> 0 | AM25: =if(AJ25="Hyperdisk Balanced",Assumptions!$B$12,0) -> 0 | AN25: =if(AK25=0,0,if(AJ25="Hyperdisk Balanced",vlookup(AK25&" provisioned space",'SKU Pricing'!A:B,Assumptions!$B$2,0)*Z25+vlookup(AK25&" provisioned IOPS",'SKU Pricing'!A:B,Assumptions!$B$2,0)*AL25*730+vlookup(AK25&" provisioned throughput",'SKU Pricing'!A:B,Assumptions!$B$2,0)*AM25*730,vlookup(AK25,'SKU Pricing'!A:B,Assumptions!$B$2,0)*Z25)) -> 87.58 | AO25: =AF25+AH25+AN25 -> 143.39665 | AP25: =if(V25<>0, "VM Manager",0) -> VM Manager | AQ25: =ifna(vlookup(AP25,'SKU Pricing'!A:B,Assumptions!$B$2,0)*AE25,0) -> 2.19 | AR25: 0
A26: VMNC2 | B26: =ifna(if(vlookup(A26,vOS!A:B,2,0)="","Unknown",vlookup(A26,vOS!A:B,2,0)),"Unknown") -> CentOS 7 (64-bit) | C26: =vlookup(B26,'OS Study'!A:D,2,0) -> 0 | D26: =vlookup(B26,'OS Study'!A:D,3,0) -> Linux | E26: =vlookup(B26,'OS Study'!A:D,4,0) -> CentOS | F26: =vlookup(B26,'OS Study'!A:E,5,0) -> 4/5/6/7 | G26: =IF(vlookup(A26,'RVtools V2.1'!A:J,4,0)="non",0,1) -> 1 | H26: =if(vlookup(A26,'RVtools V2.1'!A:K,11,0)="kube",1,0) -> 0 | I26: =if(H26=1, IF(COUNTIF(A26, "*MASTER*"), 1, 0),0) -> 0 | J26: =ifna(vlookup(A26,'Infra Study'!A:Q,17,0),0) -> 0 | K26: =IFERROR(__xludf.DUMMYFUNCTION("N(REGEXMATCH(VLOOKUP(A26, 'RVtools V2.1'!A:H, 8, 0), ""^Serveur de fichiers""))"),0.0) -> 0 | L26: =if(OR(C26=1,F26="2008 R2"),1,0) -> 0 | M26: =ifna(vlookup(A26,'RVtools V2.1'!A:I,8,0),"N/A") -> Dev L Tabard | N26: =IFERROR(__xludf.DUMMYFUNCTION("IF(REGEXMATCH(M26, ""(?i)"" & JOIN(""|"", SPLIT(""kalisil"", "" ""))), 1, 0)"),0.0) -> 0 | O26: =vlookup(A26,'RVtools V2.1'!A:H,7,0) -> N/A | P26: =if(vlookup(A26,'RVtools V2.1'!A:H,5,0)="oui",1,0) -> 0 | Q26: =ifna(vlookup(A26,vCPU!A:B,2,0),"Unknown") -> 2 | R26: =ifna(vlookup(A26,vMemory!A:C,3,0),"Unknown") -> 4 | S26: =ifna(vlookup(A26,vDisk!A:C,3,0),"Unknown") -> 1278 | T26: {=IFS( L26=1, "No Lift & Shift", J26=1, XLOOKUP(A26, 'Infra Study'!A:A, 'Infra Study'!P:P), I26=1, "No Lift & Shift", H26=1, "GKE", K26=1, "GCNV", G26=1, "Lift & Shift Prod", TRUE, "Lift & Shift Noprod" )} -> Lift & Shift Prod | U26: =if(OR(T26="Lift & Shift Prod", T26="Lift & Shift Noprod"),1,0) -> 1 | V26: =if(T26="Lift & Shift Noprod",if( Y26=0,Assumptions!$B$5, Assumptions!$B$4),if(T26="Lift & Shift Prod",if(AND(N26=1,O26="T1"),Assumptions!$B$6,Assumptions!$B$4),0)) -> N2D | W26: =if(V26<>0,if(Q26="Unknown", Assumptions!$B$42,If(Q26>1,Q26,2)),0) -> 2 | X26: =if(V26<>0,if(R26="Unknown", Assumptions!$B$43,R26),0) -> 4 | Y26: =if(U26=1,if(X26/W26>8,1,0),0) -> 0 | Z26: =if(V26<>0,if( S26="Unknown", Assumptions!$B$44,S26),0) -> 1278 | AA26: =if(V26 ="N2",ifna(vlookup(W26&"-"&X26,'Ref. VM'!A:B,2,0),"Custom"),if(V26 ="E2" , ifna(vlookup(W26&"-"&X26,'Ref. VM'!D:E,2,0),"Custom"),if(V26="N2D",ifna(vlookup(W26&"-"&X26,'Ref. VM'!G:H,2,0),"Custom"),if(V26="N4",ifna(vlookup(W26&"-"&X26,'Ref. VM'!J:K,2,0),"Custom"),0)))) -> Custom | AB26: =if( V26<>0,if(T26="Lift & Shift Prod",V26&"-"&AA26&" vCPUs-"&"CUD 3y",V26&"-"&AA26&" vCPUs"),0) -> N2D-Custom vCPUs-CUD 3y | AC26: =if( V26<>0,if(T26="Lift & Shift Prod",V26&"-"&AA26&" RAM-"&"CUD 3y",V26&"-"&AA26&" RAM"),0) -> N2D-Custom RAM-CUD 3y | AD26: =if(Y26=0,0,if( V26="N2D",if(T26="Lift & Shift Noprod","N2D-Extended custom memory","N2D-Extended custom memory-CUD 3y"),"N4-Extended custom memory")) -> 0 | AE26: =if(T26="Lift & Shift Prod",730,if(T26="Lift & Shift Noprod",Assumptions!$B$3,0)) -> 730 | AF26: =if( U26=0,0,if(Y26=0, ((vlookup(AB26,'SKU Pricing'!A:B,Assumptions!$B$2,0)*W26)+(vlookup(AC26,'SKU Pricing'!A:B,Assumptions!$B$2,0)*X26))*AE26,((vlookup(AB26,'SKU Pricing'!A:B,Assumptions!$B$2,0)*W26)+(vlookup(AC26,'SKU Pricing'!A:B,Assumptions!$B$2,0)*(W26*8))+(vlookup(AD26,'SKU Pricing'!A:B,Assumptions!$B$2,0)*(X26-(W26*8))))*AE26)) -> 27.908326 | AG26: =if(V26<>0, if(D26="Windows","Windows Server",if(D26="Linux",if( E26="Red Hat",if( W26<=8,"Red Hat Enterprise Linux 2-8", if(W26<128,"Red Hat Enterprise Linux 9-127","Red Hat Enterprise Linux 128")),0),0)),0) -> 0 | AH26: =ifna(vlookup(AG26,'SKU Pricing'!A:B,Assumptions!$B$2,0)*W26*AE26,0) -> 0 | AI26: =if(V26<>0, if(O26="T1","Regional",""),"") | AJ26: =if(V26<>0, if(T26="Lift & Shift Noprod",Assumptions!$B$9,if(V26=Assumptions!$B$6,Assumptions!$B$10,if(P26=1,Assumptions!$B$8,Assumptions!$B$7))),"") -> Balanced | AK26: =if( AJ26="",0,if(AI26="",AJ26,AJ26)) -> Balanced | AL26: =if(AJ26="Hyperdisk Balanced",Assumptions!$B$11,0) -> 0 | AM26: =if(AJ26="Hyperdisk Balanced",Assumptions!$B$12,0) -> 0 | AN26: =if(AK26=0,0,if(AJ26="Hyperdisk Balanced",vlookup(AK26&" provisioned space",'SKU Pricing'!A:B,Assumptions!$B$2,0)*Z26+vlookup(AK26&" provisioned IOPS",'SKU Pricing'!A:B,Assumptions!$B$2,0)*AL26*730+vlookup(AK26&" provisioned throughput",'SKU Pricing'!A:B,Assumptions!$B$2,0)*AM26*730,vlookup(AK26,'SKU Pricing'!A:B,Assumptions!$B$2,0)*Z26)) -> 148.248 | AO26: =AF26+AH26+AN26 -> 176.15633 | AP26: =if(V26<>0, "VM Manager",0) -> VM Manager | AQ26: =ifna(vlookup(AP26,'SKU Pricing'!A:B,Assumptions!$B$2,0)*AE26,0) -> 2.19 | AR26: 0
A27: VM1204 | B27: =ifna(if(vlookup(A27,vOS!A:B,2,0)="","Unknown",vlookup(A27,vOS!A:B,2,0)),"Unknown") -> CentOS 7 (64-bit) | C27: =vlookup(B27,'OS Study'!A:D,2,0) -> 0 | D27: =vlookup(B27,'OS Study'!A:D,3,0) -> Linux | E27: =vlookup(B27,'OS Study'!A:D,4,0) -> CentOS | F27: =vlookup(B27,'OS Study'!A:E,5,0) -> 4/5/6/7 | G27: =IF(vlookup(A27,'RVtools V2.1'!A:J,4,0)="non",0,1) -> 0 | H27: =if(vlookup(A27,'RVtools V2.1'!A:K,11,0)="kube",1,0) -> 0 | I27: =if(H27=1, IF(COUNTIF(A27, "*MASTER*"), 1, 0),0) -> 0 | J27: =ifna(vlookup(A27,'Infra Study'!A:Q,17,0),0) -> 0 | K27: =IFERROR(__xludf.DUMMYFUNCTION("N(REGEXMATCH(VLOOKUP(A27, 'RVtools V2.1'!A:H, 8, 0), ""^Serveur de fichiers""))"),0.0) -> 0 | L27: =if(OR(C27=1,F27="2008 R2"),1,0) -> 0 | M27: =ifna(vlookup(A27,'RVtools V2.1'!A:I,8,0),"N/A") -> Dev L Tabard | N27: =IFERROR(__xludf.DUMMYFUNCTION("IF(REGEXMATCH(M27, ""(?i)"" & JOIN(""|"", SPLIT(""kalisil"", "" ""))), 1, 0)"),0.0) -> 0 | O27: =vlookup(A27,'RVtools V2.1'!A:H,7,0) -> N/A | P27: =if(vlookup(A27,'RVtools V2.1'!A:H,5,0)="oui",1,0) -> 0 | Q27: =ifna(vlookup(A27,vCPU!A:B,2,0),"Unknown") -> 4 | R27: =ifna(vlookup(A27,vMemory!A:C,3,0),"Unknown") -> 6 | S27: =ifna(vlookup(A27,vDisk!A:C,3,0),"Unknown") -> 778 | T27: {=IFS( L27=1, "No Lift & Shift", J27=1, XLOOKUP(A27, 'Infra Study'!A:A, 'Infra Study'!P:P), I27=1, "No Lift & Shift", H27=1, "GKE", K27=1, "GCNV", G27=1, "Lift & Shift Prod", TRUE, "Lift & Shift Noprod" )} -> Lift & Shift Noprod | U27: =if(OR(T27="Lift & Shift Prod", T27="Lift & Shift Noprod"),1,0) -> 1 | V27: =if(T27="Lift & Shift Noprod",if( Y27=0,Assumptions!$B$5, Assumptions!$B$4),if(T27="Lift & Shift Prod",if(AND(N27=1,O27="T1"),Assumptions!$B$6,Assumptions!$B$4),0)) -> E2 | W27: =if(V27<>0,if(Q27="Unknown", Assumptions!$B$42,If(Q27>1,Q27,2)),0) -> 4 | X27: =if(V27<>0,if(R27="Unknown", Assumptions!$B$43,R27),0) -> 6 | Y27: =if(U27=1,if(X27/W27>8,1,0),0) -> 0 | Z27: =if(V27<>0,if( S27="Unknown", Assumptions!$B$44,S27),0) -> 778 | AA27: =if(V27 ="N2",ifna(vlookup(W27&"-"&X27,'Ref. VM'!A:B,2,0),"Custom"),if(V27 ="E2" , ifna(vlookup(W27&"-"&X27,'Ref. VM'!D:E,2,0),"Custom"),if(V27="N2D",ifna(vlookup(W27&"-"&X27,'Ref. VM'!G:H,2,0),"Custom"),if(V27="N4",ifna(vlookup(W27&"-"&X27,'Ref. VM'!J:K,2,0),"Custom"),0)))) -> Custom | AB27: =if( V27<>0,if(T27="Lift & Shift Prod",V27&"-"&AA27&" vCPUs-"&"CUD 3y",V27&"-"&AA27&" vCPUs"),0) -> E2-Custom vCPUs | AC27: =if( V27<>0,if(T27="Lift & Shift Prod",V27&"-"&AA27&" RAM-"&"CUD 3y",V27&"-"&AA27&" RAM"),0) -> E2-Custom RAM | AD27: =if(Y27=0,0,if( V27="N2D",if(T27="Lift & Shift Noprod","N2D-Extended custom memory","N2D-Extended custom memory-CUD 3y"),"N4-Extended custom memory")) -> 0 | AE27: =if(T27="Lift & Shift Prod",730,if(T27="Lift & Shift Noprod",Assumptions!$B$3,0)) -> 270 | AF27: =if( U27=0,0,if(Y27=0, ((vlookup(AB27,'SKU Pricing'!A:B,Assumptions!$B$2,0)*W27)+(vlookup(AC27,'SKU Pricing'!A:B,Assumptions!$B$2,0)*X27))*AE27,((vlookup(AB27,'SKU Pricing'!A:B,Assumptions!$B$2,0)*W27)+(vlookup(AC27,'SKU Pricing'!A:B,Assumptions!$B$2,0)*(W27*8))+(vlookup(AD27,'SKU Pricing'!A:B,Assumptions!$B$2,0)*(X27-(W27*8))))*AE27)) -> 34.460559 | AG27: =if(V27<>0, if(D27="Windows","Windows Server",if(D27="Linux",if( E27="Red Hat",if( W27<=8,"Red Hat Enterprise Linux 2-8", if(W27<128,"Red Hat Enterprise Linux 9-127","Red Hat Enterprise Linux 128")),0),0)),0) -> 0 | AH27: =ifna(vlookup(AG27,'SKU Pricing'!A:B,Assumptions!$B$2,0)*W27*AE27,0) -> 0 | AI27: =if(V27<>0, if(O27="T1","Regional",""),"") | AJ27: =if(V27<>0, if(T27="Lift & Shift Noprod",Assumptions!$B$9,if(V27=Assumptions!$B$6,Assumptions!$B$10,if(P27=1,Assumptions!$B$8,Assumptions!$B$7))),"") -> Balanced | AK27: =if( AJ27="",0,if(AI27="",AJ27,AJ27)) -> Balanced | AL27: =if(AJ27="Hyperdisk Balanced",Assumptions!$B$11,0) -> 0 | AM27: =if(AJ27="Hyperdisk Balanced",Assumptions!$B$12,0) -> 0 | AN27: =if(AK27=0,0,if(AJ27="Hyperdisk Balanced",vlookup(AK27&" provisioned space",'SKU Pricing'!A:B,Assumptions!$B$2,0)*Z27+vlookup(AK27&" provisioned IOPS",'SKU Pricing'!A:B,Assumptions!$B$2,0)*AL27*730+vlookup(AK27&" provisioned throughput",'SKU Pricing'!A:B,Assumptions!$B$2,0)*AM27*730,vlookup(AK27,'SKU Pricing'!A:B,Assumptions!$B$2,0)*Z27)) -> 90.248 | AO27: =AF27+AH27+AN27 -> 124.70856 | AP27: =if(V27<>0, "VM Manager",0) -> VM Manager | AQ27: =ifna(vlookup(AP27,'SKU Pricing'!A:B,Assumptions!$B$2,0)*AE27,0) -> 0.81 | AR27: 0
A28: VMinfraMONdcn | B28: =ifna(if(vlookup(A28,vOS!A:B,2,0)="","Unknown",vlookup(A28,vOS!A:B,2,0)),"Unknown") -> CentOS 7 (64-bit) | C28: =vlookup(B28,'OS Study'!A:D,2,0) -> 0 | D28: =vlookup(B28,'OS Study'!A:D,3,0) -> Linux | E28: =vlookup(B28,'OS Study'!A:D,4,0) -> CentOS | F28: =vlookup(B28,'OS Study'!A:E,5,0) -> 4/5/6/7 | G28: =IF(vlookup(A28,'RVtools V2.1'!A:J,4,0)="non",0,1) -> 0 | H28: =if(vlookup(A28,'RVtools V2.1'!A:K,11,0)="kube",1,0) -> 0 | I28: =if(H28=1, IF(COUNTIF(A28, "*MASTER*"), 1, 0),0) -> 0 | J28: =ifna(vlookup(A28,'Infra Study'!A:Q,17,0),0) -> 0 | K28: =IFERROR(__xludf.DUMMYFUNCTION("N(REGEXMATCH(VLOOKUP(A28, 'RVtools V2.1'!A:H, 8, 0), ""^Serveur de fichiers""))"),0.0) -> 0 | L28: =if(OR(C28=1,F28="2008 R2"),1,0) -> 0 | M28: =ifna(vlookup(A28,'RVtools V2.1'!A:I,8,0),"N/A") -> Dev L Tabard | N28: =IFERROR(__xludf.DUMMYFUNCTION("IF(REGEXMATCH(M28, ""(?i)"" & JOIN(""|"", SPLIT(""kalisil"", "" ""))), 1, 0)"),0.0) -> 0 | O28: =vlookup(A28,'RVtools V2.1'!A:H,7,0) -> N/A | P28: =if(vlookup(A28,'RVtools V2.1'!A:H,5,0)="oui",1,0) -> 0 | Q28: =ifna(vlookup(A28,vCPU!A:B,2,0),"Unknown") -> 2 | R28: =ifna(vlookup(A28,vMemory!A:C,3,0),"Unknown") -> 6 | S28: =ifna(vlookup(A28,vDisk!A:C,3,0),"Unknown") -> 850 | T28: {=IFS( L28=1, "No Lift & Shift", J28=1, XLOOKUP(A28, 'Infra Study'!A:A, 'Infra Study'!P:P), I28=1, "No Lift & Shift", H28=1, "GKE", K28=1, "GCNV", G28=1, "Lift & Shift Prod", TRUE, "Lift & Shift Noprod" )} -> Lift & Shift Noprod | U28: =if(OR(T28="Lift & Shift Prod", T28="Lift & Shift Noprod"),1,0) -> 1 | V28: =if(T28="Lift & Shift Noprod",if( Y28=0,Assumptions!$B$5, Assumptions!$B$4),if(T28="Lift & Shift Prod",if(AND(N28=1,O28="T1"),Assumptions!$B$6,Assumptions!$B$4),0)) -> E2 | W28: =if(V28<>0,if(Q28="Unknown", Assumptions!$B$42,If(Q28>1,Q28,2)),0) -> 2 | X28: =if(V28<>0,if(R28="Unknown", Assumptions!$B$43,R28),0) -> 6 | Y28: =if(U28=1,if(X28/W28>8,1,0),0) -> 0 | Z28: =if(V28<>0,if( S28="Unknown", Assumptions!$B$44,S28),0) -> 850 | AA28: =if(V28 ="N2",ifna(vlookup(W28&"-"&X28,'Ref. VM'!A:B,2,0),"Custom"),if(V28 ="E2" , ifna(vlookup(W28&"-"&X28,'Ref. VM'!D:E,2,0),"Custom"),if(V28="N2D",ifna(vlookup(W28&"-"&X28,'Ref. VM'!G:H,2,0),"Custom"),if(V28="N4",ifna(vlookup(W28&"-"&X28,'Ref. VM'!J:K,2,0),"Custom"),0)))) -> Custom | AB28: =if( V28<>0,if(T28="Lift & Shift Prod",V28&"-"&AA28&" vCPUs-"&"CUD 3y",V28&"-"&AA28&" vCPUs"),0) -> E2-Custom vCPUs | AC28: =if( V28<>0,if(T28="Lift & Shift Prod",V28&"-"&AA28&" RAM-"&"CUD 3y",V28&"-"&AA28&" RAM"),0) -> E2-Custom RAM | AD28: =if(Y28=0,0,if( V28="N2D",if(T28="Lift & Shift Noprod","N2D-Extended custom memory","N2D-Extended custom memory-CUD 3y"),"N4-Extended custom memory")) -> 0 | AE28: =if(T28="Lift & Shift Prod",730,if(T28="Lift & Shift Noprod",Assumptions!$B$3,0)) -> 270 | AF28: =if( U28=0,0,if(Y28=0, ((vlookup(AB28,'SKU Pricing'!A:B,Assumptions!$B$2,0)*W28)+(vlookup(AC28,'SKU Pricing'!A:B,Assumptions!$B$2,0)*X28))*AE28,((vlookup(AB28,'SKU Pricing'!A:B,Assumptions!$B$2,0)*W28)+(vlookup(AC28,'SKU Pricing'!A:B,Assumptions!$B$2,0)*(W28*8))+(vlookup(AD28,'SKU Pricing'!A:B,Assumptions!$B$2,0)*(X28-(W28*8))))*AE28)) -> 20.114325 | AG28: =if(V28<>0, if(D28="Windows","Windows Server",if(D28="Linux",if( E28="Red Hat",if( W28<=8,"Red Hat Enterprise Linux 2-8", if(W28<128,"Red Hat Enterprise Linux 9-127","Red Hat Enterprise Linux 128")),0),0)),0) -> 0 | AH28: =ifna(vlookup(AG28,'SKU Pricing'!A:B,Assumptions!$B$2,0)*W28*AE28,0) -> 0 | AI28: =if(V28<>0, if(O28="T1","Regional",""),"") | AJ28: =if(V28<>0, if(T28="Lift & Shift Noprod",Assumptions!$B$9,if(V28=Assumptions!$B$6,Assumptions!$B$10,if(P28=1,Assumptions!$B$8,Assumptions!$B$7))),"") -> Balanced | AK28: =if( AJ28="",0,if(AI28="",AJ28,AJ28)) -> Balanced | AL28: =if(AJ28="Hyperdisk Balanced",Assumptions!$B$11,0) -> 0 | AM28: =if(AJ28="Hyperdisk Balanced",Assumptions!$B$12,0) -> 0 | AN28: =if(AK28=0,0,if(AJ28="Hyperdisk Balanced",vlookup(AK28&" provisioned space",'SKU Pricing'!A:B,Assumptions!$B$2,0)*Z28+vlookup(AK28&" provisioned IOPS",'SKU Pricing'!A:B,Assumptions!$B$2,0)*AL28*730+vlookup(AK28&" provisioned throughput",'SKU Pricing'!A:B,Assumptions!$B$2,0)*AM28*730,vlookup(AK28,'SKU Pricing'!A:B,Assumptions!$B$2,0)*Z28)) -> 98.6 | AO28: =AF28+AH28+AN28 -> 118.71433 | AP28: =if(V28<>0, "VM Manager",0) -> VM Manager | AQ28: =ifna(vlookup(AP28,'SKU Pricing'!A:B,Assumptions!$B$2,0)*AE28,0) -> 0.81 | AR28: 0
A29: VMOL5RLOG | B29: =ifna(if(vlookup(A29,vOS!A:B,2,0)="","Unknown",vlookup(A29,vOS!A:B,2,0)),"Unknown") -> CentOS 7 (64-bit) | C29: =vlookup(B29,'OS Study'!A:D,2,0) -> 0 | D29: =vlookup(B29,'OS Study'!A:D,3,0) -> Linux | E29: =vlookup(B29,'OS Study'!A:D,4,0) -> CentOS | F29: =vlookup(B29,'OS Study'!A:E,5,0) -> 4/5/6/7 | G29: =IF(vlookup(A29,'RVtools V2.1'!A:J,4,0)="non",0,1) -> 0 | H29: =if(vlookup(A29,'RVtools V2.1'!A:K,11,0)="kube",1,0) -> 0 | I29: =if(H29=1, IF(COUNTIF(A29, "*MASTER*"), 1, 0),0) -> 0 | J29: =ifna(vlookup(A29,'Infra Study'!A:Q,17,0),0) -> 0 | K29: =IFERROR(__xludf.DUMMYFUNCTION("N(REGEXMATCH(VLOOKUP(A29, 'RVtools V2.1'!A:H, 8, 0), ""^Serveur de fichiers""))"),0.0) -> 0 | L29: =if(OR(C29=1,F29="2008 R2"),1,0) -> 0 | M29: =ifna(vlookup(A29,'RVtools V2.1'!A:I,8,0),"N/A") -> Dev L Tabard | N29: =IFERROR(__xludf.DUMMYFUNCTION("IF(REGEXMATCH(M29, ""(?i)"" & JOIN(""|"", SPLIT(""kalisil"", "" ""))), 1, 0)"),0.0) -> 0 | O29: =vlookup(A29,'RVtools V2.1'!A:H,7,0) -> N/A | P29: =if(vlookup(A29,'RVtools V2.1'!A:H,5,0)="oui",1,0) -> 0 | Q29: =ifna(vlookup(A29,vCPU!A:B,2,0),"Unknown") -> 2 | R29: =ifna(vlookup(A29,vMemory!A:C,3,0),"Unknown") -> 4 | S29: =ifna(vlookup(A29,vDisk!A:C,3,0),"Unknown") -> 731 | T29: {=IFS( L29=1, "No Lift & Shift", J29=1, XLOOKUP(A29, 'Infra Study'!A:A, 'Infra Study'!P:P), I29=1, "No Lift & Shift", H29=1, "GKE", K29=1, "GCNV", G29=1, "Lift & Shift Prod", TRUE, "Lift & Shift Noprod" )} -> Lift & Shift Noprod | U29: =if(OR(T29="Lift & Shift Prod", T29="Lift & Shift Noprod"),1,0) -> 1 | V29: =if(T29="Lift & Shift Noprod",if( Y29=0,Assumptions!$B$5, Assumptions!$B$4),if(T29="Lift & Shift Prod",if(AND(N29=1,O29="T1"),Assumptions!$B$6,Assumptions!$B$4),0)) -> E2 | W29: =if(V29<>0,if(Q29="Unknown", Assumptions!$B$42,If(Q29>1,Q29,2)),0) -> 2 | X29: =if(V29<>0,if(R29="Unknown", Assumptions!$B$43,R29),0) -> 4 | Y29: =if(U29=1,if(X29/W29>8,1,0),0) -> 0 | Z29: =if(V29<>0,if( S29="Unknown", Assumptions!$B$44,S29),0) -> 731 | AA29: =if(V29 ="N2",ifna(vlookup(W29&"-"&X29,'Ref. VM'!A:B,2,0),"Custom"),if(V29 ="E2" , ifna(vlookup(W29&"-"&X29,'Ref. VM'!D:E,2,0),"Custom"),if(V29="N2D",ifna(vlookup(W29&"-"&X29,'Ref. VM'!G:H,2,0),"Custom"),if(V29="N4",ifna(vlookup(W29&"-"&X29,'Ref. VM'!J:K,2,0),"Custom"),0)))) -> Custom | AB29: =if( V29<>0,if(T29="Lift & Shift Prod",V29&"-"&AA29&" vCPUs-"&"CUD 3y",V29&"-"&AA29&" vCPUs"),0) -> E2-Custom vCPUs | AC29: =if( V29<>0,if(T29="Lift & Shift Prod",V29&"-"&AA29&" RAM-"&"CUD 3y",V29&"-"&AA29&" RAM"),0) -> E2-Custom RAM | AD29: =if(Y29=0,0,if( V29="N2D",if(T29="Lift & Shift Noprod","N2D-Extended custom memory","N2D-Extended custom memory-CUD 3y"),"N4-Extended custom memory")) -> 0 | AE29: =if(T29="Lift & Shift Prod",730,if(T29="Lift & Shift Noprod",Assumptions!$B$3,0)) -> 270 | AF29: =if( U29=0,0,if(Y29=0, ((vlookup(AB29,'SKU Pricing'!A:B,Assumptions!$B$2,0)*W29)+(vlookup(AC29,'SKU Pricing'!A:B,Assumptions!$B$2,0)*X29))*AE29,((vlookup(AB29,'SKU Pricing'!A:B,Assumptions!$B$2,0)*W29)+(vlookup(AC29,'SKU Pricing'!A:B,Assumptions!$B$2,0)*(W29*8))+(vlookup(AD29,'SKU Pricing'!A:B,Assumptions!$B$2,0)*(X29-(W29*8))))*AE29)) -> 18.191628 | AG29: =if(V29<>0, if(D29="Windows","Windows Server",if(D29="Linux",if( E29="Red Hat",if( W29<=8,"Red Hat Enterprise Linux 2-8", if(W29<128,"Red Hat Enterprise Linux 9-127","Red Hat Enterprise Linux 128")),0),0)),0) -> 0 | AH29: =ifna(vlookup(AG29,'SKU Pricing'!A:B,Assumptions!$B$2,0)*W29*AE29,0) -> 0 | AI29: =if(V29<>0, if(O29="T1","Regional",""),"") | AJ29: =if(V29<>0, if(T29="Lift & Shift Noprod",Assumptions!$B$9,if(V29=Assumptions!$B$6,Assumptions!$B$10,if(P29=1,Assumptions!$B$8,Assumptions!$B$7))),"") -> Balanced | AK29: =if( AJ29="",0,if(AI29="",AJ29,AJ29)) -> Balanced | AL29: =if(AJ29="Hyperdisk Balanced",Assumptions!$B$11,0) -> 0 | AM29: =if(AJ29="Hyperdisk Balanced",Assumptions!$B$12,0) -> 0 | AN29: =if(AK29=0,0,if(AJ29="Hyperdisk Balanced",vlookup(AK29&" provisioned space",'SKU Pricing'!A:B,Assumptions!$B$2,0)*Z29+vlookup(AK29&" provisioned IOPS",'SKU Pricing'!A:B,Assumptions!$B$2,0)*AL29*730+vlookup(AK29&" provisioned throughput",'SKU Pricing'!A:B,Assumptions!$B$2,0)*AM29*730,vlookup(AK29,'SKU Pricing'!A:B,Assumptions!$B$2,0)*Z29)) -> 84.796 | AO29: =AF29+AH29+AN29 -> 102.98763 | AP29: =if(V29<>0, "VM Manager",0) -> VM Manager | AQ29: =ifna(vlookup(AP29,'SKU Pricing'!A:B,Assumptions!$B$2,0)*AE29,0) -> 0.81 | AR29: 0
A30: VMVCS | B30: =ifna(if(vlookup(A30,vOS!A:B,2,0)="","Unknown",vlookup(A30,vOS!A:B,2,0)),"Unknown") -> CentOS 7 (64-bit) | C30: =vlookup(B30,'OS Study'!A:D,2,0) -> 0 | D30: =vlookup(B30,'OS Study'!A:D,3,0) -> Linux | E30: =vlookup(B30,'OS Study'!A:D,4,0) -> CentOS | F30: =vlookup(B30,'OS Study'!A:E,5,0) -> 4/5/6/7 | G30: =IF(vlookup(A30,'RVtools V2.1'!A:J,4,0)="non",0,1) -> 0 | H30: =if(vlookup(A30,'RVtools V2.1'!A:K,11,0)="kube",1,0) -> 0 | I30: =if(H30=1, IF(COUNTIF(A30, "*MASTER*"), 1, 0),0) -> 0 | J30: =ifna(vlookup(A30,'Infra Study'!A:Q,17,0),0) -> 0 | K30: =IFERROR(__xludf.DUMMYFUNCTION("N(REGEXMATCH(VLOOKUP(A30, 'RVtools V2.1'!A:H, 8, 0), ""^Serveur de fichiers""))"),0.0) -> 0 | L30: =if(OR(C30=1,F30="2008 R2"),1,0) -> 0 | M30: =ifna(vlookup(A30,'RVtools V2.1'!A:I,8,0),"N/A") -> Dev L Tabard | N30: =IFERROR(__xludf.DUMMYFUNCTION("IF(REGEXMATCH(M30, ""(?i)"" & JOIN(""|"", SPLIT(""kalisil"", "" ""))), 1, 0)"),0.0) -> 0 | O30: =vlookup(A30,'RVtools V2.1'!A:H,7,0) -> N/A | P30: =if(vlookup(A30,'RVtools V2.1'!A:H,5,0)="oui",1,0) -> 0 | Q30: =ifna(vlookup(A30,vCPU!A:B,2,0),"Unknown") -> 4 | R30: =ifna(vlookup(A30,vMemory!A:C,3,0),"Unknown") -> 8 | S30: =ifna(vlookup(A30,vDisk!A:C,3,0),"Unknown") -> 900 | T30: {=IFS( L30=1, "No Lift & Shift", J30=1, XLOOKUP(A30, 'Infra Study'!A:A, 'Infra Study'!P:P), I30=1, "No Lift & Shift", H30=1, "GKE", K30=1, "GCNV", G30=1, "Lift & Shift Prod", TRUE, "Lift & Shift Noprod" )} -> Lift & Shift Noprod | U30: =if(OR(T30="Lift & Shift Prod", T30="Lift & Shift Noprod"),1,0) -> 1 | V30: =if(T30="Lift & Shift Noprod",if( Y30=0,Assumptions!$B$5, Assumptions!$B$4),if(T30="Lift & Shift Prod",if(AND(N30=1,O30="T1"),Assumptions!$B$6,Assumptions!$B$4),0)) -> E2 | W30: =if(V30<>0,if(Q30="Unknown", Assumptions!$B$42,If(Q30>1,Q30,2)),0) -> 4 | X30: =if(V30<>0,if(R30="Unknown", Assumptions!$B$43,R30),0) -> 8 | Y30: =if(U30=1,if(X30/W30>8,1,0),0) -> 0 | Z30: =if(V30<>0,if( S30="Unknown", Assumptions!$B$44,S30),0) -> 900 | AA30: =if(V30 ="N2",ifna(vlookup(W30&"-"&X30,'Ref. VM'!A:B,2,0),"Custom"),if(V30 ="E2" , ifna(vlookup(W30&"-"&X30,'Ref. VM'!D:E,2,0),"Custom"),if(V30="N2D",ifna(vlookup(W30&"-"&X30,'Ref. VM'!G:H,2,0),"Custom"),if(V30="N4",ifna(vlookup(W30&"-"&X30,'Ref. VM'!J:K,2,0),"Custom"),0)))) -> Custom | AB30: =if( V30<>0,if(T30="Lift & Shift Prod",V30&"-"&AA30&" vCPUs-"&"CUD 3y",V30&"-"&AA30&" vCPUs"),0) -> E2-Custom vCPUs | AC30: =if( V30<>0,if(T30="Lift & Shift Prod",V30&"-"&AA30&" RAM-"&"CUD 3y",V30&"-"&AA30&" RAM"),0) -> E2-Custom RAM | AD30: =if(Y30=0,0,if( V30="N2D",if(T30="Lift & Shift Noprod","N2D-Extended custom memory","N2D-Extended custom memory-CUD 3y"),"N4-Extended custom memory")) -> 0 | AE30: =if(T30="Lift & Shift Prod",730,if(T30="Lift & Shift Noprod",Assumptions!$B$3,0)) -> 270 | AF30: =if( U30=0,0,if(Y30=0, ((vlookup(AB30,'SKU Pricing'!A:B,Assumptions!$B$2,0)*W30)+(vlookup(AC30,'SKU Pricing'!A:B,Assumptions!$B$2,0)*X30))*AE30,((vlookup(AB30,'SKU Pricing'!A:B,Assumptions!$B$2,0)*W30)+(vlookup(AC30,'SKU Pricing'!A:B,Assumptions!$B$2,0)*(W30*8))+(vlookup(AD30,'SKU Pricing'!A:B,Assumptions!$B$2,0)*(X30-(W30*8))))*AE30)) -> 36.383256 | AG30: =if(V30<>0, if(D30="Windows","Windows Server",if(D30="Linux",if( E30="Red Hat",if( W30<=8,"Red Hat Enterprise Linux 2-8", if(W30<128,"Red Hat Enterprise Linux 9-127","Red Hat Enterprise Linux 128")),0),0)),0) -> 0 | AH30: =ifna(vlookup(AG30,'SKU Pricing'!A:B,Assumptions!$B$2,0)*W30*AE30,0) -> 0 | AI30: =if(V30<>0, if(O30="T1","Regional",""),"") | AJ30: =if(V30<>0, if(T30="Lift & Shift Noprod",Assumptions!$B$9,if(V30=Assumptions!$B$6,Assumptions!$B$10,if(P30=1,Assumptions!$B$8,Assumptions!$B$7))),"") -> Balanced | AK30: =if( AJ30="",0,if(AI30="",AJ30,AJ30)) -> Balanced | AL30: =if(AJ30="Hyperdisk Balanced",Assumptions!$B$11,0) -> 0 | AM30: =if(AJ30="Hyperdisk Balanced",Assumptions!$B$12,0) -> 0 | AN30: =if(AK30=0,0,if(AJ30="Hyperdisk Balanced",vlookup(AK30&" provisioned space",'SKU Pricing'!A:B,Assumptions!$B$2,0)*Z30+vlookup(AK30&" provisioned IOPS",'SKU Pricing'!A:B,Assumptions!$B$2,0)*AL30*730+vlookup(AK30&" provisioned throughput",'SKU Pricing'!A:B,Assumptions!$B$2,0)*AM30*730,vlookup(AK30,'SKU Pricing'!A:B,Assumptions!$B$2,0)*Z30)) -> 104.4 | AO30: =AF30+AH30+AN30 -> 140.78326 | AP30: =if(V30<>0, "VM Manager",0) -> VM Manager | AQ30: =ifna(vlookup(AP30,'SKU Pricing'!A:B,Assumptions!$B$2,0)*AE30,0) -> 0.81 | AR30: 0
A31: VMADDOK205 | B31: =ifna(if(vlookup(A31,vOS!A:B,2,0)="","Unknown",vlookup(A31,vOS!A:B,2,0)),"Unknown") -> CentOS 7 (64-bit) | C31: =vlookup(B31,'OS Study'!A:D,2,0) -> 0 | D31: =vlookup(B31,'OS Study'!A:D,3,0) -> Linux | E31: =vlookup(B31,'OS Study'!A:D,4,0) -> CentOS | F31: =vlookup(B31,'OS Study'!A:E,5,0) -> 4/5/6/7 | G31: =IF(vlookup(A31,'RVtools V2.1'!A:J,4,0)="non",0,1) -> 1 | H31: =if(vlookup(A31,'RVtools V2.1'!A:K,11,0)="kube",1,0) -> 0 | I31: =if(H31=1, IF(COUNTIF(A31, "*MASTER*"), 1, 0),0) -> 0 | J31: =ifna(vlookup(A31,'Infra Study'!A:Q,17,0),0) -> 0 | K31: =IFERROR(__xludf.DUMMYFUNCTION("N(REGEXMATCH(VLOOKUP(A31, 'RVtools V2.1'!A:H, 8, 0), ""^Serveur de fichiers""))"),0.0) -> 0 | L31: =if(OR(C31=1,F31="2008 R2"),1,0) -> 0 | M31: =ifna(vlookup(A31,'RVtools V2.1'!A:I,8,0),"N/A") -> Dev L Tabard | N31: =IFERROR(__xludf.DUMMYFUNCTION("IF(REGEXMATCH(M31, ""(?i)"" & JOIN(""|"", SPLIT(""kalisil"", "" ""))), 1, 0)"),0.0) -> 0 | O31: =vlookup(A31,'RVtools V2.1'!A:H,7,0) -> N/A | P31: =if(vlookup(A31,'RVtools V2.1'!A:H,5,0)="oui",1,0) -> 0 | Q31: =ifna(vlookup(A31,vCPU!A:B,2,0),"Unknown") -> 20 | R31: =ifna(vlookup(A31,vMemory!A:C,3,0),"Unknown") -> 48 | S31: =ifna(vlookup(A31,vDisk!A:C,3,0),"Unknown") -> 779 | T31: {=IFS( L31=1, "No Lift & Shift", J31=1, XLOOKUP(A31, 'Infra Study'!A:A, 'Infra Study'!P:P), I31=1, "No Lift & Shift", H31=1, "GKE", K31=1, "GCNV", G31=1, "Lift & Shift Prod", TRUE, "Lift & Shift Noprod" )} -> Lift & Shift Prod | U31: =if(OR(T31="Lift & Shift Prod", T31="Lift & Shift Noprod"),1,0) -> 1 | V31: =if(T31="Lift & Shift Noprod",if( Y31=0,Assumptions!$B$5, Assumptions!$B$4),if(T31="Lift & Shift Prod",if(AND(N31=1,O31="T1"),Assumptions!$B$6,Assumptions!$B$4),0)) -> N2D | W31: =if(V31<>0,if(Q31="Unknown", Assumptions!$B$42,If(Q31>1,Q31,2)),0) -> 20 | X31: =if(V31<>0,if(R31="Unknown", Assumptions!$B$43,R31),0) -> 48 | Y31: =if(U31=1,if(X31/W31>8,1,0),0) -> 0 | Z31: =if(V31<>0,if( S31="Unknown", Assumptions!$B$44,S31),0) -> 779 | AA31: =if(V31 ="N2",ifna(vlookup(W31&"-"&X31,'Ref. VM'!A:B,2,0),"Custom"),if(V31 ="E2" , ifna(vlookup(W31&"-"&X31,'Ref. VM'!D:E,2,0),"Custom"),if(V31="N2D",ifna(vlookup(W31&"-"&X31,'Ref. VM'!G:H,2,0),"Custom"),if(V31="N4",ifna(vlookup(W31&"-"&X31,'Ref. VM'!J:K,2,0),"Custom"),0)))) -> Custom | AB31: =if( V31<>0,if(T31="Lift & Shift Prod",V31&"-"&AA31&" vCPUs-"&"CUD 3y",V31&"-"&AA31&" vCPUs"),0) -> N2D-Custom vCPUs-CUD 3y | AC31: =if( V31<>0,if(T31="Lift & Shift Prod",V31&"-"&AA31&" RAM-"&"CUD 3y",V31&"-"&AA31&" RAM"),0) -> N2D-Custom RAM-CUD 3y | AD31: =if(Y31=0,0,if( V31="N2D",if(T31="Lift & Shift Noprod","N2D-Extended custom memory","N2D-Extended custom memory-CUD 3y"),"N4-Extended custom memory")) -> 0 | AE31: =if(T31="Lift & Shift Prod",730,if(T31="Lift & Shift Noprod",Assumptions!$B$3,0)) -> 730 | AF31: =if( U31=0,0,if(Y31=0, ((vlookup(AB31,'SKU Pricing'!A:B,Assumptions!$B$2,0)*W31)+(vlookup(AC31,'SKU Pricing'!A:B,Assumptions!$B$2,0)*X31))*AE31,((vlookup(AB31,'SKU Pricing'!A:B,Assumptions!$B$2,0)*W31)+(vlookup(AC31,'SKU Pricing'!A:B,Assumptions!$B$2,0)*(W31*8))+(vlookup(AD31,'SKU Pricing'!A:B,Assumptions!$B$2,0)*(X31-(W31*8))))*AE31)) -> 290.88393 | AG31: =if(V31<>0, if(D31="Windows","Windows Server",if(D31="Linux",if( E31="Red Hat",if( W31<=8,"Red Hat Enterprise Linux 2-8", if(W31<128,"Red Hat Enterprise Linux 9-127","Red Hat Enterprise Linux 128")),0),0)),0) -> 0 | AH31: =ifna(vlookup(AG31,'SKU Pricing'!A:B,Assumptions!$B$2,0)*W31*AE31,0) -> 0 | AI31: =if(V31<>0, if(O31="T1","Regional",""),"") | AJ31: =if(V31<>0, if(T31="Lift & Shift Noprod",Assumptions!$B$9,if(V31=Assumptions!$B$6,Assumptions!$B$10,if(P31=1,Assumptions!$B$8,Assumptions!$B$7))),"") -> Balanced | AK31: =if( AJ31="",0,if(AI31="",AJ31,AJ31)) -> Balanced | AL31: =if(AJ31="Hyperdisk Balanced",Assumptions!$B$11,0) -> 0 | AM31: =if(AJ31="Hyperdisk Balanced",Assumptions!$B$12,0) -> 0 | AN31: =if(AK31=0,0,if(AJ31="Hyperdisk Balanced",vlookup(AK31&" provisioned space",'SKU Pricing'!A:B,Assumptions!$B$2,0)*Z31+vlookup(AK31&" provisioned IOPS",'SKU Pricing'!A:B,Assumptions!$B$2,0)*AL31*730+vlookup(AK31&" provisioned throughput",'SKU Pricing'!A:B,Assumptions!$B$2,0)*AM31*730,vlookup(AK31,'SKU Pricing'!A:B,Assumptions!$B$2,0)*Z31)) -> 90.364 | AO31: =AF31+AH31+AN31 -> 381.24793 | AP31: =if(V31<>0, "VM Manager",0) -> VM Manager | AQ31: =ifna(vlookup(AP31,'SKU Pricing'!A:B,Assumptions!$B$2,0)*AE31,0) -> 2.19 | AR31: 0
A32: VMSYSLOGS-BK | B32: =ifna(if(vlookup(A32,vOS!A:B,2,0)="","Unknown",vlookup(A32,vOS!A:B,2,0)),"Unknown") -> CentOS 7 (64-bit) | C32: =vlookup(B32,'OS Study'!A:D,2,0) -> 0 | D32: =vlookup(B32,'OS Study'!A:D,3,0) -> Linux | E32: =vlookup(B32,'OS Study'!A:D,4,0) -> CentOS | F32: =vlookup(B32,'OS Study'!A:E,5,0) -> 4/5/6/7 | G32: =IF(vlookup(A32,'RVtools V2.1'!A:J,4,0)="non",0,1) -> 0 | H32: =if(vlookup(A32,'RVtools V2.1'!A:K,11,0)="kube",1,0) -> 0 | I32: =if(H32=1, IF(COUNTIF(A32, "*MASTER*"), 1, 0),0) -> 0 | J32: =ifna(vlookup(A32,'Infra Study'!A:Q,17,0),0) -> 0 | K32: =IFERROR(__xludf.DUMMYFUNCTION("N(REGEXMATCH(VLOOKUP(A32, 'RVtools V2.1'!A:H, 8, 0), ""^Serveur de fichiers""))"),0.0) -> 0 | L32: =if(OR(C32=1,F32="2008 R2"),1,0) -> 0 | M32: =ifna(vlookup(A32,'RVtools V2.1'!A:I,8,0),"N/A") -> Dev L Tabard | N32: =IFERROR(__xludf.DUMMYFUNCTION("IF(REGEXMATCH(M32, ""(?i)"" & JOIN(""|"", SPLIT(""kalisil"", "" ""))), 1, 0)"),0.0) -> 0 | O32: =vlookup(A32,'RVtools V2.1'!A:H,7,0) -> N/A | P32: =if(vlookup(A32,'RVtools V2.1'!A:H,5,0)="oui",1,0) -> 0 | Q32: =ifna(vlookup(A32,vCPU!A:B,2,0),"Unknown") -> 4 | R32: =ifna(vlookup(A32,vMemory!A:C,3,0),"Unknown") -> 6 | S32: =ifna(vlookup(A32,vDisk!A:C,3,0),"Unknown") -> 670 | T32: {=IFS( L32=1, "No Lift & Shift", J32=1, XLOOKUP(A32, 'Infra Study'!A:A, 'Infra Study'!P:P), I32=1, "No Lift & Shift", H32=1, "GKE", K32=1, "GCNV", G32=1, "Lift & Shift Prod", TRUE, "Lift & Shift Noprod" )} -> Lift & Shift Noprod | U32: =if(OR(T32="Lift & Shift Prod", T32="Lift & Shift Noprod"),1,0) -> 1 | V32: =if(T32="Lift & Shift Noprod",if( Y32=0,Assumptions!$B$5, Assumptions!$B$4),if(T32="Lift & Shift Prod",if(AND(N32=1,O32="T1"),Assumptions!$B$6,Assumptions!$B$4),0)) -> E2 | W32: =if(V32<>0,if(Q32="Unknown", Assumptions!$B$42,If(Q32>1,Q32,2)),0) -> 4 | X32: =if(V32<>0,if(R32="Unknown", Assumptions!$B$43,R32),0) -> 6 | Y32: =if(U32=1,if(X32/W32>8,1,0),0) -> 0 | Z32: =if(V32<>0,if( S32="Unknown", Assumptions!$B$44,S32),0) -> 670 | AA32: =if(V32 ="N2",ifna(vlookup(W32&"-"&X32,'Ref. VM'!A:B,2,0),"Custom"),if(V32 ="E2" , ifna(vlookup(W32&"-"&X32,'Ref. VM'!D:E,2,0),"Custom"),if(V32="N2D",ifna(vlookup(W32&"-"&X32,'Ref. VM'!G:H,2,0),"Custom"),if(V32="N4",ifna(vlookup(W32&"-"&X32,'Ref. VM'!J:K,2,0),"Custom"),0)))) -> Custom | AB32: =if( V32<>0,if(T32="Lift & Shift Prod",V32&"-"&AA32&" vCPUs-"&"CUD 3y",V32&"-"&AA32&" vCPUs"),0) -> E2-Custom vCPUs | AC32: =if( V32<>0,if(T32="Lift & Shift Prod",V32&"-"&AA32&" RAM-"&"CUD 3y",V32&"-"&AA32&" RAM"),0) -> E2-Custom RAM | AD32: =if(Y32=0,0,if( V32="N2D",if(T32="Lift & Shift Noprod","N2D-Extended custom memory","N2D-Extended custom memory-CUD 3y"),"N4-Extended custom memory")) -> 0 | AE32: =if(T32="Lift & Shift Prod",730,if(T32="Lift & Shift Noprod",Assumptions!$B$3,0)) -> 270 | AF32: =if( U32=0,0,if(Y32=0, ((vlookup(AB32,'SKU Pricing'!A:B,Assumptions!$B$2,0)*W32)+(vlookup(AC32,'SKU Pricing'!A:B,Assumptions!$B$2,0)*X32))*AE32,((vlookup(AB32,'SKU Pricing'!A:B,Assumptions!$B$2,0)*W32)+(vlookup(AC32,'SKU Pricing'!A:B,Assumptions!$B$2,0)*(W32*8))+(vlookup(AD32,'SKU Pricing'!A:B,Assumptions!$B$2,0)*(X32-(W32*8))))*AE32)) -> 34.460559 | AG32: =if(V32<>0, if(D32="Windows","Windows Server",if(D32="Linux",if( E32="Red Hat",if( W32<=8,"Red Hat Enterprise Linux 2-8", if(W32<128,"Red Hat Enterprise Linux 9-127","Red Hat Enterprise Linux 128")),0),0)),0) -> 0 | AH32: =ifna(vlookup(AG32,'SKU Pricing'!A:B,Assumptions!$B$2,0)*W32*AE32,0) -> 0 | AI32: =if(V32<>0, if(O32="T1","Regional",""),"") | AJ32: =if(V32<>0, if(T32="Lift & Shift Noprod",Assumptions!$B$9,if(V32=Assumptions!$B$6,Assumptions!$B$10,if(P32=1,Assumptions!$B$8,Assumptions!$B$7))),"") -> Balanced | AK32: =if( AJ32="",0,if(AI32="",AJ32,AJ32)) -> Balanced | AL32: =if(AJ32="Hyperdisk Balanced",Assumptions!$B$11,0) -> 0 | AM32: =if(AJ32="Hyperdisk Balanced",Assumptions!$B$12,0) -> 0 | AN32: =if(AK32=0,0,if(AJ32="Hyperdisk Balanced",vlookup(AK32&" provisioned space",'SKU Pricing'!A:B,Assumptions!$B$2,0)*Z32+vlookup(AK32&" provisioned IOPS",'SKU Pricing'!A:B,Assumptions!$B$2,0)*AL32*730+vlookup(AK32&" provisioned throughput",'SKU Pricing'!A:B,Assumptions!$B$2,0)*AM32*730,vlookup(AK32,'SKU Pricing'!A:B,Assumptions!$B$2,0)*Z32)) -> 77.72 | AO32: =AF32+AH32+AN32 -> 112.18056 | AP32: =if(V32<>0, "VM Manager",0) -> VM Manager | AQ32: =ifna(vlookup(AP32,'SKU Pricing'!A:B,Assumptions!$B$2,0)*AE32,0) -> 0.81 | AR32: 0
A33: BSY-A-AMS-APP | B33: =ifna(if(vlookup(A33,vOS!A:B,2,0)="","Unknown",vlookup(A33,vOS!A:B,2,0)),"Unknown") -> Microsoft Windows Server 2022 (64-bit) | C33: =vlookup(B33,'OS Study'!A:D,2,0) -> 0 | D33: =vlookup(B33,'OS Study'!A:D,3,0) -> Windows | E33: =vlookup(B33,'OS Study'!A:D,4,0) -> Server | F33: =vlookup(B33,'OS Study'!A:E,5,0) -> 2022 | G33: =IF(vlookup(A33,'RVtools V2.1'!A:J,4,0)="non",0,1) -> 1 | H33: =if(vlookup(A33,'RVtools V2.1'!A:K,11,0)="kube",1,0) -> 0 | I33: =if(H33=1, IF(COUNTIF(A33, "*MASTER*"), 1, 0),0) -> 0 | J33: =ifna(vlookup(A33,'Infra Study'!A:Q,17,0),0) -> 0 | K33: =IFERROR(__xludf.DUMMYFUNCTION("N(REGEXMATCH(VLOOKUP(A33, 'RVtools V2.1'!A:H, 8, 0), ""^Serveur de fichiers""))"),0.0) -> 0 | L33: =if(OR(C33=1,F33="2008 R2"),1,0) -> 0 | M33: =ifna(vlookup(A33,'RVtools V2.1'!A:I,8,0),"N/A") -> ABBOTT - BSY | N33: =IFERROR(__xludf.DUMMYFUNCTION("IF(REGEXMATCH(M33, ""(?i)"" & JOIN(""|"", SPLIT(""kalisil"", "" ""))), 1, 0)"),0.0) -> 0 | O33: =vlookup(A33,'RVtools V2.1'!A:H,7,0) -> T1 | P33: =if(vlookup(A33,'RVtools V2.1'!A:H,5,0)="oui",1,0) -> 1 | Q33: =ifna(vlookup(A33,vCPU!A:B,2,0),"Unknown") -> 4 | R33: =ifna(vlookup(A33,vMemory!A:C,3,0),"Unknown") -> 16 | S33: =ifna(vlookup(A33,vDisk!A:C,3,0),"Unknown") -> 174 | T33: {=IFS( L33=1, "No Lift & Shift", J33=1, XLOOKUP(A33, 'Infra Study'!A:A, 'Infra Study'!P:P), I33=1, "No Lift & Shift", H33=1, "GKE", K33=1, "GCNV", G33=1, "Lift & Shift Prod", TRUE, "Lift & Shift Noprod" )} -> Lift & Shift Prod | U33: =if(OR(T33="Lift & Shift Prod", T33="Lift & Shift Noprod"),1,0) -> 1 | V33: =if(T33="Lift & Shift Noprod",if( Y33=0,Assumptions!$B$5, Assumptions!$B$4),if(T33="Lift & Shift Prod",if(AND(N33=1,O33="T1"),Assumptions!$B$6,Assumptions!$B$4),0)) -> N2D | W33: =if(V33<>0,if(Q33="Unknown", Assumptions!$B$42,If(Q33>1,Q33,2)),0) -> 4 | X33: =if(V33<>0,if(R33="Unknown", Assumptions!$B$43,R33),0) -> 16 | Y33: =if(U33=1,if(X33/W33>8,1,0),0) -> 0 | Z33: =if(V33<>0,if( S33="Unknown", Assumptions!$B$44,S33),0) -> 174 | AA33: =if(V33 ="N2",ifna(vlookup(W33&"-"&X33,'Ref. VM'!A:B,2,0),"Custom"),if(V33 ="E2" , ifna(vlookup(W33&"-"&X33,'Ref. VM'!D:E,2,0),"Custom"),if(V33="N2D",ifna(vlookup(W33&"-"&X33,'Ref. VM'!G:H,2,0),"Custom"),if(V33="N4",ifna(vlookup(W33&"-"&X33,'Ref. VM'!J:K,2,0),"Custom"),0)))) -> Predefined | AB33: =if( V33<>0,if(T33="Lift & Shift Prod",V33&"-"&AA33&" vCPUs-"&"CUD 3y",V33&"-"&AA33&" vCPUs"),0) -> N2D-Predefined vCPUs-CUD 3y | AC33: =if( V33<>0,if(T33="Lift & Shift Prod",V33&"-"&AA33&" RAM-"&"CUD 3y",V33&"-"&AA33&" RAM"),0) -> N2D-Predefined RAM-CUD 3y | AD33: =if(Y33=0,0,if( V33="N2D",if(T33="Lift & Shift Noprod","N2D-Extended custom memory","N2D-Extended custom memory-CUD 3y"),"N4-Extended custom memory")) -> 0 | AE33: =if(T33="Lift & Shift Prod",730,if(T33="Lift & Shift Noprod",Assumptions!$B$3,0)) -> 730 | AF33: =if( U33=0,0,if(Y33=0, ((vlookup(AB33,'SKU Pricing'!A:B,Assumptions!$B$2,0)*W33)+(vlookup(AC33,'SKU Pricing'!A:B,Assumptions!$B$2,0)*X33))*AE33,((vlookup(AB33,'SKU Pricing'!A:B,Assumptions!$B$2,0)*W33)+(vlookup(AC33,'SKU Pricing'!A:B,Assumptions!$B$2,0)*(W33*8))+(vlookup(AD33,'SKU Pricing'!A:B,Assumptions!$B$2,0)*(X33-(W33*8))))*AE33)) -> 64.397446 | AG33: =if(V33<>0, if(D33="Windows","Windows Server",if(D33="Linux",if( E33="Red Hat",if( W33<=8,"Red Hat Enterprise Linux 2-8", if(W33<128,"Red Hat Enterprise Linux 9-127","Red Hat Enterprise Linux 128")),0),0)),0) -> Windows Server | AH33: =ifna(vlookup(AG33,'SKU Pricing'!A:B,Assumptions!$B$2,0)*W33*AE33,0) -> 134.32 | AI33: =if(V33<>0, if(O33="T1","Regional",""),"") -> Regional | AJ33: =if(V33<>0, if(T33="Lift & Shift Noprod",Assumptions!$B$9,if(V33=Assumptions!$B$6,Assumptions!$B$10,if(P33=1,Assumptions!$B$8,Assumptions!$B$7))),"") -> SSD | AK33: =if( AJ33="",0,if(AI33="",AJ33,AJ33)) -> SSD | AL33: =if(AJ33="Hyperdisk Balanced",Assumptions!$B$11,0) -> 0 | AM33: =if(AJ33="Hyperdisk Balanced",Assumptions!$B$12,0) -> 0 | AN33: =if(AK33=0,0,if(AJ33="Hyperdisk Balanced",vlookup(AK33&" provisioned space",'SKU Pricing'!A:B,Assumptions!$B$2,0)*Z33+vlookup(AK33&" provisioned IOPS",'SKU Pricing'!A:B,Assumptions!$B$2,0)*AL33*730+vlookup(AK33&" provisioned throughput",'SKU Pricing'!A:B,Assumptions!$B$2,0)*AM33*730,vlookup(AK33,'SKU Pricing'!A:B,Assumptions!$B$2,0)*Z33)) -> 34.278 | AO33: =AF33+AH33+AN33 -> 232.99545 | AP33: =if(V33<>0, "VM Manager",0) -> VM Manager | AQ33: =ifna(vlookup(AP33,'SKU Pricing'!A:B,Assumptions!$B$2,0)*AE33,0) -> 2.19 | AR33: 0
A34: BSY-A-AMS-BDD | B34: =ifna(if(vlookup(A34,vOS!A:B,2,0)="","Unknown",vlookup(A34,vOS!A:B,2,0)),"Unknown") -> Microsoft Windows Server 2022 (64-bit) | C34: =vlookup(B34,'OS Study'!A:D,2,0) -> 0 | D34: =vlookup(B34,'OS Study'!A:D,3,0) -> Windows | E34: =vlookup(B34,'OS Study'!A:D,4,0) -> Server | F34: =vlookup(B34,'OS Study'!A:E,5,0) -> 2022 | G34: =IF(vlookup(A34,'RVtools V2.1'!A:J,4,0)="non",0,1) -> 1 | H34: =if(vlookup(A34,'RVtools V2.1'!A:K,11,0)="kube",1,0) -> 0 | I34: =if(H34=1, IF(COUNTIF(A34, "*MASTER*"), 1, 0),0) -> 0 | J34: =ifna(vlookup(A34,'Infra Study'!A:Q,17,0),0) -> 0 | K34: =IFERROR(__xludf.DUMMYFUNCTION("N(REGEXMATCH(VLOOKUP(A34, 'RVtools V2.1'!A:H, 8, 0), ""^Serveur de fichiers""))"),0.0) -> 0 | L34: =if(OR(C34=1,F34="2008 R2"),1,0) -> 0 | M34: =ifna(vlookup(A34,'RVtools V2.1'!A:I,8,0),"N/A") -> ABBOTT - BSY | N34: =IFERROR(__xludf.DUMMYFUNCTION("IF(REGEXMATCH(M34, ""(?i)"" & JOIN(""|"", SPLIT(""kalisil"", "" ""))), 1, 0)"),0.0) -> 0 | O34: =vlookup(A34,'RVtools V2.1'!A:H,7,0) -> T1 | P34: =if(vlookup(A34,'RVtools V2.1'!A:H,5,0)="oui",1,0) -> 1 | Q34: =ifna(vlookup(A34,vCPU!A:B,2,0),"Unknown") -> 6 | R34: =ifna(vlookup(A34,vMemory!A:C,3,0),"Unknown") -> 16 | S34: =ifna(vlookup(A34,vDisk!A:C,3,0),"Unknown") -> 356 | T34: {=IFS( L34=1, "No Lift & Shift", J34=1, XLOOKUP(A34, 'Infra Study'!A:A, 'Infra Study'!P:P), I34=1, "No Lift & Shift", H34=1, "GKE", K34=1, "GCNV", G34=1, "Lift & Shift Prod", TRUE, "Lift & Shift Noprod" )} -> Lift & Shift Prod | U34: =if(OR(T34="Lift & Shift Prod", T34="Lift & Shift Noprod"),1,0) -> 1 | V34: =if(T34="Lift & Shift Noprod",if( Y34=0,Assumptions!$B$5, Assumptions!$B$4),if(T34="Lift & Shift Prod",if(AND(N34=1,O34="T1"),Assumptions!$B$6,Assumptions!$B$4),0)) -> N2D | W34: =if(V34<>0,if(Q34="Unknown", Assumptions!$B$42,If(Q34>1,Q34,2)),0) -> 6 | X34: =if(V34<>0,if(R34="Unknown", Assumptions!$B$43,R34),0) -> 16 | Y34: =if(U34=1,if(X34/W34>8,1,0),0) -> 0 | Z34: =if(V34<>0,if( S34="Unknown", Assumptions!$B$44,S34),0) -> 356 | AA34: =if(V34 ="N2",ifna(vlookup(W34&"-"&X34,'Ref. VM'!A:B,2,0),"Custom"),if(V34 ="E2" , ifna(vlookup(W34&"-"&X34,'Ref. VM'!D:E,2,0),"Custom"),if(V34="N2D",ifna(vlookup(W34&"-"&X34,'Ref. VM'!G:H,2,0),"Custom"),if(V34="N4",ifna(vlookup(W34&"-"&X34,'Ref. VM'!J:K,2,0),"Custom"),0)))) -> Custom | AB34: =if( V34<>0,if(T34="Lift & Shift Prod",V34&"-"&AA34&" vCPUs-"&"CUD 3y",V34&"-"&AA34&" vCPUs"),0) -> N2D-Custom vCPUs-CUD 3y | AC34: =if( V34<>0,if(T34="Lift & Shift Prod",V34&"-"&AA34&" RAM-"&"CUD 3y",V34&"-"&AA34&" RAM"),0) -> N2D-Custom RAM-CUD 3y | AD34: =if(Y34=0,0,if( V34="N2D",if(T34="Lift & Shift Noprod","N2D-Extended custom memory","N2D-Extended custom memory-CUD 3y"),"N4-Extended custom memory")) -> 0 | AE34: =if(T34="Lift & Shift Prod",730,if(T34="Lift & Shift Noprod",Assumptions!$B$3,0)) -> 730 | AF34: =if( U34=0,0,if(Y34=0, ((vlookup(AB34,'SKU Pricing'!A:B,Assumptions!$B$2,0)*W34)+(vlookup(AC34,'SKU Pricing'!A:B,Assumptions!$B$2,0)*X34))*AE34,((vlookup(AB34,'SKU Pricing'!A:B,Assumptions!$B$2,0)*W34)+(vlookup(AC34,'SKU Pricing'!A:B,Assumptions!$B$2,0)*(W34*8))+(vlookup(AD34,'SKU Pricing'!A:B,Assumptions!$B$2,0)*(X34-(W34*8))))*AE34)) -> 89.625312 | AG34: =if(V34<>0, if(D34="Windows","Windows Server",if(D34="Linux",if( E34="Red Hat",if( W34<=8,"Red Hat Enterprise Linux 2-8", if(W34<128,"Red Hat Enterprise Linux 9-127","Red Hat Enterprise Linux 128")),0),0)),0) -> Windows Server | AH34: =ifna(vlookup(AG34,'SKU Pricing'!A:B,Assumptions!$B$2,0)*W34*AE34,0) -> 201.48 | AI34: =if(V34<>0, if(O34="T1","Regional",""),"") -> Regional | AJ34: =if(V34<>0, if(T34="Lift & Shift Noprod",Assumptions!$B$9,if(V34=Assumptions!$B$6,Assumptions!$B$10,if(P34=1,Assumptions!$B$8,Assumptions!$B$7))),"") -> SSD | AK34: =if( AJ34="",0,if(AI34="",AJ34,AJ34)) -> SSD | AL34: =if(AJ34="Hyperdisk Balanced",Assumptions!$B$11,0) -> 0 | AM34: =if(AJ34="Hyperdisk Balanced",Assumptions!$B$12,0) -> 0 | AN34: =if(AK34=0,0,if(AJ34="Hyperdisk Balanced",vlookup(AK34&" provisioned space",'SKU Pricing'!A:B,Assumptions!$B$2,0)*Z34+vlookup(AK34&" provisioned IOPS",'SKU Pricing'!A:B,Assumptions!$B$2,0)*AL34*730+vlookup(AK34&" provisioned throughput",'SKU Pricing'!A:B,Assumptions!$B$2,0)*AM34*730,vlookup(AK34,'SKU Pricing'!A:B,Assumptions!$B$2,0)*Z34)) -> 70.132 | AO34: =AF34+AH34+AN34 -> 361.23731 | AP34: =if(V34<>0, "VM Manager",0) -> VM Manager | AQ34: =ifna(vlookup(AP34,'SKU Pricing'!A:B,Assumptions!$B$2,0)*AE34,0) -> 2.19 | AR34: 0
A35: BSY-A-IMS | B35: =ifna(if(vlookup(A35,vOS!A:B,2,0)="","Unknown",vlookup(A35,vOS!A:B,2,0)),"Unknown") -> Microsoft Windows Server 2022 (64-bit) | C35: =vlookup(B35,'OS Study'!A:D,2,0) -> 0 | D35: =vlookup(B35,'OS Study'!A:D,3,0) -> Windows | E35: =vlookup(B35,'OS Study'!A:D,4,0) -> Server | F35: =vlookup(B35,'OS Study'!A:E,5,0) -> 2022 | G35: =IF(vlookup(A35,'RVtools V2.1'!A:J,4,0)="non",0,1) -> 1 | H35: =if(vlookup(A35,'RVtools V2.1'!A:K,11,0)="kube",1,0) -> 0 | I35: =if(H35=1, IF(COUNTIF(A35, "*MASTER*"), 1, 0),0) -> 0 | J35: =ifna(vlookup(A35,'Infra Study'!A:Q,17,0),0) -> 0 | K35: =IFERROR(__xludf.DUMMYFUNCTION("N(REGEXMATCH(VLOOKUP(A35, 'RVtools V2.1'!A:H, 8, 0), ""^Serveur de fichiers""))"),0.0) -> 0 | L35: =if(OR(C35=1,F35="2008 R2"),1,0) -> 0 | M35: =ifna(vlookup(A35,'RVtools V2.1'!A:I,8,0),"N/A") -> ABBOTT - BSY | N35: =IFERROR(__xludf.DUMMYFUNCTION("IF(REGEXMATCH(M35, ""(?i)"" & JOIN(""|"", SPLIT(""kalisil"", "" ""))), 1, 0)"),0.0) -> 0 | O35: =vlookup(A35,'RVtools V2.1'!A:H,7,0) -> T1 | P35: =if(vlookup(A35,'RVtools V2.1'!A:H,5,0)="oui",1,0) -> 1 | Q35: =ifna(vlookup(A35,vCPU!A:B,2,0),"Unknown") -> 6 | R35: =ifna(vlookup(A35,vMemory!A:C,3,0),"Unknown") -> 16 | S35: =ifna(vlookup(A35,vDisk!A:C,3,0),"Unknown") -> 191 | T35: {=IFS( L35=1, "No Lift & Shift", J35=1, XLOOKUP(A35, 'Infra Study'!A:A, 'Infra Study'!P:P), I35=1, "No Lift & Shift", H35=1, "GKE", K35=1, "GCNV", G35=1, "Lift & Shift Prod", TRUE, "Lift & Shift Noprod" )} -> Lift & Shift Prod | U35: =if(OR(T35="Lift & Shift Prod", T35="Lift & Shift Noprod"),1,0) -> 1 | V35: =if(T35="Lift & Shift Noprod",if( Y35=0,Assumptions!$B$5, Assumptions!$B$4),if(T35="Lift & Shift Prod",if(AND(N35=1,O35="T1"),Assumptions!$B$6,Assumptions!$B$4),0)) -> N2D | W35: =if(V35<>0,if(Q35="Unknown", Assumptions!$B$42,If(Q35>1,Q35,2)),0) -> 6 | X35: =if(V35<>0,if(R35="Unknown", Assumptions!$B$43,R35),0) -> 16 | Y35: =if(U35=1,if(X35/W35>8,1,0),0) -> 0 | Z35: =if(V35<>0,if( S35="Unknown", Assumptions!$B$44,S35),0) -> 191 | AA35: =if(V35 ="N2",ifna(vlookup(W35&"-"&X35,'Ref. VM'!A:B,2,0),"Custom"),if(V35 ="E2" , ifna(vlookup(W35&"-"&X35,'Ref. VM'!D:E,2,0),"Custom"),if(V35="N2D",ifna(vlookup(W35&"-"&X35,'Ref. VM'!G:H,2,0),"Custom"),if(V35="N4",ifna(vlookup(W35&"-"&X35,'Ref. VM'!J:K,2,0),"Custom"),0)))) -> Custom | AB35: =if( V35<>0,if(T35="Lift & Shift Prod",V35&"-"&AA35&" vCPUs-"&"CUD 3y",V35&"-"&AA35&" vCPUs"),0) -> N2D-Custom vCPUs-CUD 3y | AC35: =if( V35<>0,if(T35="Lift & Shift Prod",V35&"-"&AA35&" RAM-"&"CUD 3y",V35&"-"&AA35&" RAM"),0) -> N2D-Custom RAM-CUD 3y | AD35: =if(Y35=0,0,if( V35="N2D",if(T35="Lift & Shift Noprod","N2D-Extended custom memory","N2D-Extended custom memory-CUD 3y"),"N4-Extended custom memory")) -> 0 | AE35: =if(T35="Lift & Shift Prod",730,if(T35="Lift & Shift Noprod",Assumptions!$B$3,0)) -> 730 | AF35: =if( U35=0,0,if(Y35=0, ((vlookup(AB35,'SKU Pricing'!A:B,Assumptions!$B$2,0)*W35)+(vlookup(AC35,'SKU Pricing'!A:B,Assumptions!$B$2,0)*X35))*AE35,((vlookup(AB35,'SKU Pricing'!A:B,Assumptions!$B$2,0)*W35)+(vlookup(AC35,'SKU Pricing'!A:B,Assumptions!$B$2,0)*(W35*8))+(vlookup(AD35,'SKU Pricing'!A:B,Assumptions!$B$2,0)*(X35-(W35*8))))*AE35)) -> 89.625312 | AG35: =if(V35<>0, if(D35="Windows","Windows Server",if(D35="Linux",if( E35="Red Hat",if( W35<=8,"Red Hat Enterprise Linux 2-8", if(W35<128,"Red Hat Enterprise Linux 9-127","Red Hat Enterprise Linux 128")),0),0)),0) -> Windows Server | AH35: =ifna(vlookup(AG35,'SKU Pricing'!A:B,Assumptions!$B$2,0)*W35*AE35,0) -> 201.48 | AI35: =if(V35<>0, if(O35="T1","Regional",""),"") -> Regional | AJ35: =if(V35<>0, if(T35="Lift & Shift Noprod",Assumptions!$B$9,if(V35=Assumptions!$B$6,Assumptions!$B$10,if(P35=1,Assumptions!$B$8,Assumptions!$B$7))),"") -> SSD | AK35: =if( AJ35="",0,if(AI35="",AJ35,AJ35)) -> SSD | AL35: =if(AJ35="Hyperdisk Balanced",Assumptions!$B$11,0) -> 0 | AM35: =if(AJ35="Hyperdisk Balanced",Assumptions!$B$12,0) -> 0 | AN35: =if(AK35=0,0,if(AJ35="Hyperdisk Balanced",vlookup(AK35&" provisioned space",'SKU Pricing'!A:B,Assumptions!$B$2,0)*Z35+vlookup(AK35&" provisioned IOPS",'SKU Pricing'!A:B,Assumptions!$B$2,0)*AL35*730+vlookup(AK35&" provisioned throughput",'SKU Pricing'!A:B,Assumptions!$B$2,0)*AM35*730,vlookup(AK35,'SKU Pricing'!A:B,Assumptions!$B$2,0)*Z35)) -> 37.627 | AO35: =AF35+AH35+AN35 -> 328.73231 | AP35: =if(V35<>0, "VM Manager",0) -> VM Manager | AQ35: =ifna(vlookup(AP35,'SKU Pricing'!A:B,Assumptions!$B$2,0)*AE35,0) -> 2.19 | AR35: 0
A36: BSY-ALINITYPRO | B36: =ifna(if(vlookup(A36,vOS!A:B,2,0)="","Unknown",vlookup(A36,vOS!A:B,2,0)),"Unknown") -> Ubuntu Linux (64-bit) | C36: =vlookup(B36,'OS Study'!A:D,2,0) -> 0 | D36: =vlookup(B36,'OS Study'!A:D,3,0) -> Linux | E36: =vlookup(B36,'OS Study'!A:D,4,0) -> Ubuntu | F36: =vlookup(B36,'OS Study'!A:E,5,0) | G36: =IF(vlookup(A36,'RVtools V2.1'!A:J,4,0)="non",0,1) -> 1 | H36: =if(vlookup(A36,'RVtools V2.1'!A:K,11,0)="kube",1,0) -> 0 | I36: =if(H36=1, IF(COUNTIF(A36, "*MASTER*"), 1, 0),0) -> 0 | J36: =ifna(vlookup(A36,'Infra Study'!A:Q,17,0),0) -> 0 | K36: =IFERROR(__xludf.DUMMYFUNCTION("N(REGEXMATCH(VLOOKUP(A36, 'RVtools V2.1'!A:H, 8, 0), ""^Serveur de fichiers""))"),0.0) -> 0 | L36: =if(OR(C36=1,F36="2008 R2"),1,0) -> 0 | M36: =ifna(vlookup(A36,'RVtools V2.1'!A:I,8,0),"N/A") -> ABBOTT - BSY | N36: =IFERROR(__xludf.DUMMYFUNCTION("IF(REGEXMATCH(M36, ""(?i)"" & JOIN(""|"", SPLIT(""kalisil"", "" ""))), 1, 0)"),0.0) -> 0 | O36: =vlookup(A36,'RVtools V2.1'!A:H,7,0) -> T1 | P36: =if(vlookup(A36,'RVtools V2.1'!A:H,5,0)="oui",1,0) -> 1 | Q36: =ifna(vlookup(A36,vCPU!A:B,2,0),"Unknown") -> 6 | R36: =ifna(vlookup(A36,vMemory!A:C,3,0),"Unknown") -> 14 | S36: =ifna(vlookup(A36,vDisk!A:C,3,0),"Unknown") -> 64 | T36: {=IFS( L36=1, "No Lift & Shift", J36=1, XLOOKUP(A36, 'Infra Study'!A:A, 'Infra Study'!P:P), I36=1, "No Lift & Shift", H36=1, "GKE", K36=1, "GCNV", G36=1, "Lift & Shift Prod", TRUE, "Lift & Shift Noprod" )} -> Lift & Shift Prod | U36: =if(OR(T36="Lift & Shift Prod", T36="Lift & Shift Noprod"),1,0) -> 1 | V36: =if(T36="Lift & Shift Noprod",if( Y36=0,Assumptions!$B$5, Assumptions!$B$4),if(T36="Lift & Shift Prod",if(AND(N36=1,O36="T1"),Assumptions!$B$6,Assumptions!$B$4),0)) -> N2D | W36: =if(V36<>0,if(Q36="Unknown", Assumptions!$B$42,If(Q36>1,Q36,2)),0) -> 6 | X36: =if(V36<>0,if(R36="Unknown", Assumptions!$B$43,R36),0) -> 14 | Y36: =if(U36=1,if(X36/W36>8,1,0),0) -> 0 | Z36: =if(V36<>0,if( S36="Unknown", Assumptions!$B$44,S36),0) -> 64 | AA36: =if(V36 ="N2",ifna(vlookup(W36&"-"&X36,'Ref. VM'!A:B,2,0),"Custom"),if(V36 ="E2" , ifna(vlookup(W36&"-"&X36,'Ref. VM'!D:E,2,0),"Custom"),if(V36="N2D",ifna(vlookup(W36&"-"&X36,'Ref. VM'!G:H,2,0),"Custom"),if(V36="N4",ifna(vlookup(W36&"-"&X36,'Ref. VM'!J:K,2,0),"Custom"),0)))) -> Custom | AB36: =if( V36<>0,if(T36="Lift & Shift Prod",V36&"-"&AA36&" vCPUs-"&"CUD 3y",V36&"-"&AA36&" vCPUs"),0) -> N2D-Custom vCPUs-CUD 3y | AC36: =if( V36<>0,if(T36="Lift & Shift Prod",V36&"-"&AA36&" RAM-"&"CUD 3y",V36&"-"&AA36&" RAM"),0) -> N2D-Custom RAM-CUD 3y | AD36: =if(Y36=0,0,if( V36="N2D",if(T36="Lift & Shift Noprod","N2D-Extended custom memory","N2D-Extended custom memory-CUD 3y"),"N4-Extended custom memory")) -> 0 | AE36: =if(T36="Lift & Shift Prod",730,if(T36="Lift & Shift Noprod",Assumptions!$B$3,0)) -> 730 | AF36: =if( U36=0,0,if(Y36=0, ((vlookup(AB36,'SKU Pricing'!A:B,Assumptions!$B$2,0)*W36)+(vlookup(AC36,'SKU Pricing'!A:B,Assumptions!$B$2,0)*X36))*AE36,((vlookup(AB36,'SKU Pricing'!A:B,Assumptions!$B$2,0)*W36)+(vlookup(AC36,'SKU Pricing'!A:B,Assumptions!$B$2,0)*(W36*8))+(vlookup(AD36,'SKU Pricing'!A:B,Assumptions!$B$2,0)*(X36-(W36*8))))*AE36)) -> 86.675145 | AG36: =if(V36<>0, if(D36="Windows","Windows Server",if(D36="Linux",if( E36="Red Hat",if( W36<=8,"Red Hat Enterprise Linux 2-8", if(W36<128,"Red Hat Enterprise Linux 9-127","Red Hat Enterprise Linux 128")),0),0)),0) -> 0 | AH36: =ifna(vlookup(AG36,'SKU Pricing'!A:B,Assumptions!$B$2,0)*W36*AE36,0) -> 0 | AI36: =if(V36<>0, if(O36="T1","Regional",""),"") -> Regional | AJ36: =if(V36<>0, if(T36="Lift & Shift Noprod",Assumptions!$B$9,if(V36=Assumptions!$B$6,Assumptions!$B$10,if(P36=1,Assumptions!$B$8,Assumptions!$B$7))),"") -> SSD | AK36: =if( AJ36="",0,if(AI36="",AJ36,AJ36)) -> SSD | AL36: =if(AJ36="Hyperdisk Balanced",Assumptions!$B$11,0) -> 0 | AM36: =if(AJ36="Hyperdisk Balanced",Assumptions!$B$12,0) -> 0 | AN36: =if(AK36=0,0,if(AJ36="Hyperdisk Balanced",vlookup(AK36&" provisioned space",'SKU Pricing'!A:B,Assumptions!$B$2,0)*Z36+vlookup(AK36&" provisioned IOPS",'SKU Pricing'!A:B,Assumptions!$B$2,0)*AL36*730+vlookup(AK36&" provisioned throughput",'SKU Pricing'!A:B,Assumptions!$B$2,0)*AM36*730,vlookup(AK36,'SKU Pricing'!A:B,Assumptions!$B$2,0)*Z36)) -> 12.608 | AO36: =AF36+AH36+AN36 -> 99.283145 | AP36: =if(V36<>0, "VM Manager",0) -> VM Manager | AQ36: =ifna(vlookup(AP36,'SKU Pricing'!A:B,Assumptions!$B$2,0)*AE36,0) -> 2.19 | AR36: 0
A37: LCD-ALINITYPRO | B37: =ifna(if(vlookup(A37,vOS!A:B,2,0)="","Unknown",vlookup(A37,vOS!A:B,2,0)),"Unknown") -> Ubuntu Linux (64-bit) | C37: =vlookup(B37,'OS Study'!A:D,2,0) -> 0 | D37: =vlookup(B37,'OS Study'!A:D,3,0) -> Linux | E37: =vlookup(B37,'OS Study'!A:D,4,0) -> Ubuntu | F37: =vlookup(B37,'OS Study'!A:E,5,0) | G37: =IF(vlookup(A37,'RVtools V2.1'!A:J,4,0)="non",0,1) -> 1 | H37: =if(vlookup(A37,'RVtools V2.1'!A:K,11,0)="kube",1,0) -> 0 | I37: =if(H37=1, IF(COUNTIF(A37, "*MASTER*"), 1, 0),0) -> 0 | J37: =ifna(vlookup(A37,'Infra Study'!A:Q,17,0),0) -> 0 | K37: =IFERROR(__xludf.DUMMYFUNCTION("N(REGEXMATCH(VLOOKUP(A37, 'RVtools V2.1'!A:H, 8, 0), ""^Serveur de fichiers""))"),0.0) -> 0 | L37: =if(OR(C37=1,F37="2008 R2"),1,0) -> 0 | M37: =ifna(vlookup(A37,'RVtools V2.1'!A:I,8,0),"N/A") -> ABBOTT - LCD | N37: =IFERROR(__xludf.DUMMYFUNCTION("IF(REGEXMATCH(M37, ""(?i)"" & JOIN(""|"", SPLIT(""kalisil"", "" ""))), 1, 0)"),0.0) -> 0 | O37: =vlookup(A37,'RVtools V2.1'!A:H,7,0) -> T1 | P37: =if(vlookup(A37,'RVtools V2.1'!A:H,5,0)="oui",1,0) -> 1 | Q37: =ifna(vlookup(A37,vCPU!A:B,2,0),"Unknown") -> 6 | R37: =ifna(vlookup(A37,vMemory!A:C,3,0),"Unknown") -> 14 | S37: =ifna(vlookup(A37,vDisk!A:C,3,0),"Unknown") -> 112 | T37: {=IFS( L37=1, "No Lift & Shift", J37=1, XLOOKUP(A37, 'Infra Study'!A:A, 'Infra Study'!P:P), I37=1, "No Lift & Shift", H37=1, "GKE", K37=1, "GCNV", G37=1, "Lift & Shift Prod", TRUE, "Lift & Shift Noprod" )} -> Lift & Shift Prod | U37: =if(OR(T37="Lift & Shift Prod", T37="Lift & Shift Noprod"),1,0) -> 1 | V37: =if(T37="Lift & Shift Noprod",if( Y37=0,Assumptions!$B$5, Assumptions!$B$4),if(T37="Lift & Shift Prod",if(AND(N37=1,O37="T1"),Assumptions!$B$6,Assumptions!$B$4),0)) -> N2D | W37: =if(V37<>0,if(Q37="Unknown", Assumptions!$B$42,If(Q37>1,Q37,2)),0) -> 6 | X37: =if(V37<>0,if(R37="Unknown", Assumptions!$B$43,R37),0) -> 14 | Y37: =if(U37=1,if(X37/W37>8,1,0),0) -> 0 | Z37: =if(V37<>0,if( S37="Unknown", Assumptions!$B$44,S37),0) -> 112 | AA37: =if(V37 ="N2",ifna(vlookup(W37&"-"&X37,'Ref. VM'!A:B,2,0),"Custom"),if(V37 ="E2" , ifna(vlookup(W37&"-"&X37,'Ref. VM'!D:E,2,0),"Custom"),if(V37="N2D",ifna(vlookup(W37&"-"&X37,'Ref. VM'!G:H,2,0),"Custom"),if(V37="N4",ifna(vlookup(W37&"-"&X37,'Ref. VM'!J:K,2,0),"Custom"),0)))) -> Custom | AB37: =if( V37<>0,if(T37="Lift & Shift Prod",V37&"-"&AA37&" vCPUs-"&"CUD 3y",V37&"-"&AA37&" vCPUs"),0) -> N2D-Custom vCPUs-CUD 3y | AC37: =if( V37<>0,if(T37="Lift & Shift Prod",V37&"-"&AA37&" RAM-"&"CUD 3y",V37&"-"&AA37&" RAM"),0) -> N2D-Custom RAM-CUD 3y | AD37: =if(Y37=0,0,if( V37="N2D",if(T37="Lift & Shift Noprod","N2D-Extended custom memory","N2D-Extended custom memory-CUD 3y"),"N4-Extended custom memory")) -> 0 | AE37: =if(T37="Lift & Shift Prod",730,if(T37="Lift & Shift Noprod",Assumptions!$B$3,0)) -> 730 | AF37: =if( U37=0,0,if(Y37=0, ((vlookup(AB37,'SKU Pricing'!A:B,Assumptions!$B$2,0)*W37)+(vlookup(AC37,'SKU Pricing'!A:B,Assumptions!$B$2,0)*X37))*AE37,((vlookup(AB37,'SKU Pricing'!A:B,Assumptions!$B$2,0)*W37)+(vlookup(AC37,'SKU Pricing'!A:B,Assumptions!$B$2,0)*(W37*8))+(vlookup(AD37,'SKU Pricing'!A:B,Assumptions!$B$2,0)*(X37-(W37*8))))*AE37)) -> 86.675145 | AG37: =if(V37<>0, if(D37="Windows","Windows Server",if(D37="Linux",if( E37="Red Hat",if( W37<=8,"Red Hat Enterprise Linux 2-8", if(W37<128,"Red Hat Enterprise Linux 9-127","Red Hat Enterprise Linux 128")),0),0)),0) -> 0 | AH37: =ifna(vlookup(AG37,'SKU Pricing'!A:B,Assumptions!$B$2,0)*W37*AE37,0) -> 0 | AI37: =if(V37<>0, if(O37="T1","Regional",""),"") -> Regional | AJ37: =if(V37<>0, if(T37="Lift & Shift Noprod",Assumptions!$B$9,if(V37=Assumptions!$B$6,Assumptions!$B$10,if(P37=1,Assumptions!$B$8,Assumptions!$B$7))),"") -> SSD | AK37: =if( AJ37="",0,if(AI37="",AJ37,AJ37)) -> SSD | AL37: =if(AJ37="Hyperdisk Balanced",Assumptions!$B$11,0) -> 0 | AM37: =if(AJ37="Hyperdisk Balanced",Assumptions!$B$12,0) -> 0 | AN37: =if(AK37=0,0,if(AJ37="Hyperdisk Balanced",vlookup(AK37&" provisioned space",'SKU Pricing'!A:B,Assumptions!$B$2,0)*Z37+vlookup(AK37&" provisioned IOPS",'SKU Pricing'!A:B,Assumptions!$B$2,0)*AL37*730+vlookup(AK37&" provisioned throughput",'SKU Pricing'!A:B,Assumptions!$B$2,0)*AM37*730,vlookup(AK37,'SKU Pricing'!A:B,Assumptions!$B$2,0)*Z37)) -> 22.064 | AO37: =AF37+AH37+AN37 -> 108.73915 | AP37: =if(V37<>0, "VM Manager",0) -> VM Manager | AQ37: =ifna(vlookup(AP37,'SKU Pricing'!A:B,Assumptions!$B$2,0)*AE37,0) -> 2.19 | AR37: 0
A38: SV-85-ANSIBLE | B38: =ifna(if(vlookup(A38,vOS!A:B,2,0)="","Unknown",vlookup(A38,vOS!A:B,2,0)),"Unknown") -> Ubuntu Linux (64-bit) | C38: =vlookup(B38,'OS Study'!A:D,2,0) -> 0 | D38: =vlookup(B38,'OS Study'!A:D,3,0) -> Linux | E38: =vlookup(B38,'OS Study'!A:D,4,0) -> Ubuntu | F38: =vlookup(B38,'OS Study'!A:E,5,0) | G38: =IF(vlookup(A38,'RVtools V2.1'!A:J,4,0)="non",0,1) -> 1 | H38: =if(vlookup(A38,'RVtools V2.1'!A:K,11,0)="kube",1,0) -> 0 | I38: =if(H38=1, IF(COUNTIF(A38, "*MASTER*"), 1, 0),0) -> 0 | J38: =ifna(vlookup(A38,'Infra Study'!A:Q,17,0),0) -> 0 | K38: =IFERROR(__xludf.DUMMYFUNCTION("N(REGEXMATCH(VLOOKUP(A38, 'RVtools V2.1'!A:H, 8, 0), ""^Serveur de fichiers""))"),0.0) -> 0 | L38: =if(OR(C38=1,F38="2008 R2"),1,0) -> 0 | M38: =ifna(vlookup(A38,'RVtools V2.1'!A:I,8,0),"N/A") -> ANSIBLE | N38: =IFERROR(__xludf.DUMMYFUNCTION("IF(REGEXMATCH(M38, ""(?i)"" & JOIN(""|"", SPLIT(""kalisil"", "" ""))), 1, 0)"),0.0) -> 0 | O38: =vlookup(A38,'RVtools V2.1'!A:H,7,0) -> T3 | P38: =if(vlookup(A38,'RVtools V2.1'!A:H,5,0)="oui",1,0) -> 0 | Q38: =ifna(vlookup(A38,vCPU!A:B,2,0),"Unknown") -> 2 | R38: =ifna(vlookup(A38,vMemory!A:C,3,0),"Unknown") -> 2 | S38: =ifna(vlookup(A38,vDisk!A:C,3,0),"Unknown") -> 20 | T38: {=IFS( L38=1, "No Lift & Shift", J38=1, XLOOKUP(A38, 'Infra Study'!A:A, 'Infra Study'!P:P), I38=1, "No Lift & Shift", H38=1, "GKE", K38=1, "GCNV", G38=1, "Lift & Shift Prod", TRUE, "Lift & Shift Noprod" )} -> Lift & Shift Prod | U38: =if(OR(T38="Lift & Shift Prod", T38="Lift & Shift Noprod"),1,0) -> 1 | V38: =if(T38="Lift & Shift Noprod",if( Y38=0,Assumptions!$B$5, Assumptions!$B$4),if(T38="Lift & Shift Prod",if(AND(N38=1,O38="T1"),Assumptions!$B$6,Assumptions!$B$4),0)) -> N2D | W38: =if(V38<>0,if(Q38="Unknown", Assumptions!$B$42,If(Q38>1,Q38,2)),0) -> 2 | X38: =if(V38<>0,if(R38="Unknown", Assumptions!$B$43,R38),0) -> 2 | Y38: =if(U38=1,if(X38/W38>8,1,0),0) -> 0 | Z38: =if(V38<>0,if( S38="Unknown", Assumptions!$B$44,S38),0) -> 20 | AA38: =if(V38 ="N2",ifna(vlookup(W38&"-"&X38,'Ref. VM'!A:B,2,0),"Custom"),if(V38 ="E2" , ifna(vlookup(W38&"-"&X38,'Ref. VM'!D:E,2,0),"Custom"),if(V38="N2D",ifna(vlookup(W38&"-"&X38,'Ref. VM'!G:H,2,0),"Custom"),if(V38="N4",ifna(vlookup(W38&"-"&X38,'Ref. VM'!J:K,2,0),"Custom"),0)))) -> Custom | AB38: =if( V38<>0,if(T38="Lift & Shift Prod",V38&"-"&AA38&" vCPUs-"&"CUD 3y",V38&"-"&AA38&" vCPUs"),0) -> N2D-Custom vCPUs-CUD 3y | AC38: =if( V38<>0,if(T38="Lift & Shift Prod",V38&"-"&AA38&" RAM-"&"CUD 3y",V38&"-"&AA38&" RAM"),0) -> N2D-Custom RAM-CUD 3y | AD38: =if(Y38=0,0,if( V38="N2D",if(T38="Lift & Shift Noprod","N2D-Extended custom memory","N2D-Extended custom memory-CUD 3y"),"N4-Extended custom memory")) -> 0 | AE38: =if(T38="Lift & Shift Prod",730,if(T38="Lift & Shift Noprod",Assumptions!$B$3,0)) -> 730 | AF38: =if( U38=0,0,if(Y38=0, ((vlookup(AB38,'SKU Pricing'!A:B,Assumptions!$B$2,0)*W38)+(vlookup(AC38,'SKU Pricing'!A:B,Assumptions!$B$2,0)*X38))*AE38,((vlookup(AB38,'SKU Pricing'!A:B,Assumptions!$B$2,0)*W38)+(vlookup(AC38,'SKU Pricing'!A:B,Assumptions!$B$2,0)*(W38*8))+(vlookup(AD38,'SKU Pricing'!A:B,Assumptions!$B$2,0)*(X38-(W38*8))))*AE38)) -> 24.95816 | AG38: =if(V38<>0, if(D38="Windows","Windows Server",if(D38="Linux",if( E38="Red Hat",if( W38<=8,"Red Hat Enterprise Linux 2-8", if(W38<128,"Red Hat Enterprise Linux 9-127","Red Hat Enterprise Linux 128")),0),0)),0) -> 0 | AH38: =ifna(vlookup(AG38,'SKU Pricing'!A:B,Assumptions!$B$2,0)*W38*AE38,0) -> 0 | AI38: =if(V38<>0, if(O38="T1","Regional",""),"") | AJ38: =if(V38<>0, if(T38="Lift & Shift Noprod",Assumptions!$B$9,if(V38=Assumptions!$B$6,Assumptions!$B$10,if(P38=1,Assumptions!$B$8,Assumptions!$B$7))),"") -> Balanced | AK38: =if( AJ38="",0,if(AI38="",AJ38,AJ38)) -> Balanced | AL38: =if(AJ38="Hyperdisk Balanced",Assumptions!$B$11,0) -> 0 | AM38: =if(AJ38="Hyperdisk Balanced",Assumptions!$B$12,0) -> 0 | AN38: =if(AK38=0,0,if(AJ38="Hyperdisk Balanced",vlookup(AK38&" provisioned space",'SKU Pricing'!A:B,Assumptions!$B$2,0)*Z38+vlookup(AK38&" provisioned IOPS",'SKU Pricing'!A:B,Assumptions!$B$2,0)*AL38*730+vlookup(AK38&" provisioned throughput",'SKU Pricing'!A:B,Assumptions!$B$2,0)*AM38*730,vlookup(AK38,'SKU Pricing'!A:B,Assumptions!$B$2,0)*Z38)) -> 2.32 | AO38: =AF38+AH38+AN38 -> 27.27816 | AP38: =if(V38<>0, "VM Manager",0) -> VM Manager | AQ38: =ifna(vlookup(AP38,'SKU Pricing'!A:B,Assumptions!$B$2,0)*AE38,0) -> 2.19 | AR38: 0
A39: VMANSIBLE | B39: =ifna(if(vlookup(A39,vOS!A:B,2,0)="","Unknown",vlookup(A39,vOS!A:B,2,0)),"Unknown") -> CentOS 7 (64-bit) | C39: =vlookup(B39,'OS Study'!A:D,2,0) -> 0 | D39: =vlookup(B39,'OS Study'!A:D,3,0) -> Linux | E39: =vlookup(B39,'OS Study'!A:D,4,0) -> CentOS | F39: =vlookup(B39,'OS Study'!A:E,5,0) -> 4/5/6/7 | G39: =IF(vlookup(A39,'RVtools V2.1'!A:J,4,0)="non",0,1) -> 1 | H39: =if(vlookup(A39,'RVtools V2.1'!A:K,11,0)="kube",1,0) -> 0 | I39: =if(H39=1, IF(COUNTIF(A39, "*MASTER*"), 1, 0),0) -> 0 | J39: =ifna(vlookup(A39,'Infra Study'!A:Q,17,0),0) -> 0 | K39: =IFERROR(__xludf.DUMMYFUNCTION("N(REGEXMATCH(VLOOKUP(A39, 'RVtools V2.1'!A:H, 8, 0), ""^Serveur de fichiers""))"),0.0) -> 0 | L39: =if(OR(C39=1,F39="2008 R2"),1,0) -> 0 | M39: =ifna(vlookup(A39,'RVtools V2.1'!A:I,8,0),"N/A") -> ANSIBLE | N39: =IFERROR(__xludf.DUMMYFUNCTION("IF(REGEXMATCH(M39, ""(?i)"" & JOIN(""|"", SPLIT(""kalisil"", "" ""))), 1, 0)"),0.0) -> 0 | O39: =vlookup(A39,'RVtools V2.1'!A:H,7,0) -> T3 | P39: =if(vlookup(A39,'RVtools V2.1'!A:H,5,0)="oui",1,0) -> 0 | Q39: =ifna(vlookup(A39,vCPU!A:B,2,0),"Unknown") -> 4 | R39: =ifna(vlookup(A39,vMemory!A:C,3,0),"Unknown") -> 4 | S39: =ifna(vlookup(A39,vDisk!A:C,3,0),"Unknown") -> 863 | T39: {=IFS( L39=1, "No Lift & Shift", J39=1, XLOOKUP(A39, 'Infra Study'!A:A, 'Infra Study'!P:P), I39=1, "No Lift & Shift", H39=1, "GKE", K39=1, "GCNV", G39=1, "Lift & Shift Prod", TRUE, "Lift & Shift Noprod" )} -> Lift & Shift Prod | U39: =if(OR(T39="Lift & Shift Prod", T39="Lift & Shift Noprod"),1,0) -> 1 | V39: =if(T39="Lift & Shift Noprod",if( Y39=0,Assumptions!$B$5, Assumptions!$B$4),if(T39="Lift & Shift Prod",if(AND(N39=1,O39="T1"),Assumptions!$B$6,Assumptions!$B$4),0)) -> N2D | W39: =if(V39<>0,if(Q39="Unknown", Assumptions!$B$42,If(Q39>1,Q39,2)),0) -> 4 | X39: =if(V39<>0,if(R39="Unknown", Assumptions!$B$43,R39),0) -> 4 | Y39: =if(U39=1,if(X39/W39>8,1,0),0) -> 0 | Z39: =if(V39<>0,if( S39="Unknown", Assumptions!$B$44,S39),0) -> 863 | AA39: =if(V39 ="N2",ifna(vlookup(W39&"-"&X39,'Ref. VM'!A:B,2,0),"Custom"),if(V39 ="E2" , ifna(vlookup(W39&"-"&X39,'Ref. VM'!D:E,2,0),"Custom"),if(V39="N2D",ifna(vlookup(W39&"-"&X39,'Ref. VM'!G:H,2,0),"Custom"),if(V39="N4",ifna(vlookup(W39&"-"&X39,'Ref. VM'!J:K,2,0),"Custom"),0)))) -> Custom | AB39: =if( V39<>0,if(T39="Lift & Shift Prod",V39&"-"&AA39&" vCPUs-"&"CUD 3y",V39&"-"&AA39&" vCPUs"),0) -> N2D-Custom vCPUs-CUD 3y | AC39: =if( V39<>0,if(T39="Lift & Shift Prod",V39&"-"&AA39&" RAM-"&"CUD 3y",V39&"-"&AA39&" RAM"),0) -> N2D-Custom RAM-CUD 3y | AD39: =if(Y39=0,0,if( V39="N2D",if(T39="Lift & Shift Noprod","N2D-Extended custom memory","N2D-Extended custom memory-CUD 3y"),"N4-Extended custom memory")) -> 0 | AE39: =if(T39="Lift & Shift Prod",730,if(T39="Lift & Shift Noprod",Assumptions!$B$3,0)) -> 730 | AF39: =if( U39=0,0,if(Y39=0, ((vlookup(AB39,'SKU Pricing'!A:B,Assumptions!$B$2,0)*W39)+(vlookup(AC39,'SKU Pricing'!A:B,Assumptions!$B$2,0)*X39))*AE39,((vlookup(AB39,'SKU Pricing'!A:B,Assumptions!$B$2,0)*W39)+(vlookup(AC39,'SKU Pricing'!A:B,Assumptions!$B$2,0)*(W39*8))+(vlookup(AD39,'SKU Pricing'!A:B,Assumptions!$B$2,0)*(X39-(W39*8))))*AE39)) -> 49.91632 | AG39: =if(V39<>0, if(D39="Windows","Windows Server",if(D39="Linux",if( E39="Red Hat",if( W39<=8,"Red Hat Enterprise Linux 2-8", if(W39<128,"Red Hat Enterprise Linux 9-127","Red Hat Enterprise Linux 128")),0),0)),0) -> 0 | AH39: =ifna(vlookup(AG39,'SKU Pricing'!A:B,Assumptions!$B$2,0)*W39*AE39,0) -> 0 | AI39: =if(V39<>0, if(O39="T1","Regional",""),"") | AJ39: =if(V39<>0, if(T39="Lift & Shift Noprod",Assumptions!$B$9,if(V39=Assumptions!$B$6,Assumptions!$B$10,if(P39=1,Assumptions!$B$8,Assumptions!$B$7))),"") -> Balanced | AK39: =if( AJ39="",0,if(AI39="",AJ39,AJ39)) -> Balanced | AL39: =if(AJ39="Hyperdisk Balanced",Assumptions!$B$11,0) -> 0 | AM39: =if(AJ39="Hyperdisk Balanced",Assumptions!$B$12,0) -> 0 | AN39: =if(AK39=0,0,if(AJ39="Hyperdisk Balanced",vlookup(AK39&" provisioned space",'SKU Pricing'!A:B,Assumptions!$B$2,0)*Z39+vlookup(AK39&" provisioned IOPS",'SKU Pricing'!A:B,Assumptions!$B$2,0)*AL39*730+vlookup(AK39&" provisioned throughput",'SKU Pricing'!A:B,Assumptions!$B$2,0)*AM39*730,vlookup(AK39,'SKU Pricing'!A:B,Assumptions!$B$2,0)*Z39)) -> 100.108 | AO39: =AF39+AH39+AN39 -> 150.02432 | AP39: =if(V39<>0, "VM Manager",0) -> VM Manager | AQ39: =ifna(vlookup(AP39,'SKU Pricing'!A:B,Assumptions!$B$2,0)*AE39,0) -> 2.19 | AR39: 0
A40: con_biolittoral | B40: =ifna(if(vlookup(A40,vOS!A:B,2,0)="","Unknown",vlookup(A40,vOS!A:B,2,0)),"Unknown") -> Red Hat Enterprise Linux 5 (32-bit) | C40: =vlookup(B40,'OS Study'!A:D,2,0) -> 1 | D40: =vlookup(B40,'OS Study'!A:D,3,0) -> Linux | E40: =vlookup(B40,'OS Study'!A:D,4,0) -> Red Hat | F40: =vlookup(B40,'OS Study'!A:E,5,0) -> 5 | G40: =IF(vlookup(A40,'RVtools V2.1'!A:J,4,0)="non",0,1) -> 0 | H40: =if(vlookup(A40,'RVtools V2.1'!A:K,11,0)="kube",1,0) -> 0 | I40: =if(H40=1, IF(COUNTIF(A40, "*MASTER*"), 1, 0),0) -> 0 | J40: =ifna(vlookup(A40,'Infra Study'!A:Q,17,0),0) -> 0 | K40: =IFERROR(__xludf.DUMMYFUNCTION("N(REGEXMATCH(VLOOKUP(A40, 'RVtools V2.1'!A:H, 8, 0), ""^Serveur de fichiers""))"),0.0) -> 0 | L40: =if(OR(C40=1,F40="2008 R2"),1,0) -> 1 | M40: =ifna(vlookup(A40,'RVtools V2.1'!A:I,8,0),"N/A") -> Archive SIL | N40: =IFERROR(__xludf.DUMMYFUNCTION("IF(REGEXMATCH(M40, ""(?i)"" & JOIN(""|"", SPLIT(""kalisil"", "" ""))), 1, 0)"),0.0) -> 0 | O40: =vlookup(A40,'RVtools V2.1'!A:H,7,0) -> T3 | P40: =if(vlookup(A40,'RVtools V2.1'!A:H,5,0)="oui",1,0) -> 0 | Q40: =ifna(vlookup(A40,vCPU!A:B,2,0),"Unknown") -> 8 | R40: =ifna(vlookup(A40,vMemory!A:C,3,0),"Unknown") -> 16 | S40: =ifna(vlookup(A40,vDisk!A:C,3,0),"Unknown") -> 563 | T40: {=IFS( L40=1, "No Lift & Shift", J40=1, XLOOKUP(A40, 'Infra Study'!A:A, 'Infra Study'!P:P), I40=1, "No Lift & Shift", H40=1, "GKE", K40=1, "GCNV", G40=1, "Lift & Shift Prod", TRUE, "Lift & Shift Noprod" )} -> No Lift & Shift | U40: =if(OR(T40="Lift & Shift Prod", T40="Lift & Shift Noprod"),1,0) -> 0 | V40: =if(T40="Lift & Shift Noprod",if( Y40=0,Assumptions!$B$5, Assumptions!$B$4),if(T40="Lift & Shift Prod",if(AND(N40=1,O40="T1"),Assumptions!$B$6,Assumptions!$B$4),0)) -> 0 | W40: =if(V40<>0,if(Q40="Unknown", Assumptions!$B$42,If(Q40>1,Q40,2)),0) -> 0 | X40: =if(V40<>0,if(R40="Unknown", Assumptions!$B$43,R40),0) -> 0 | Y40: =if(U40=1,if(X40/W40>8,1,0),0) -> 0 | Z40: =if(V40<>0,if( S40="Unknown", Assumptions!$B$44,S40),0) -> 0 | AA40: =if(V40 ="N2",ifna(vlookup(W40&"-"&X40,'Ref. VM'!A:B,2,0),"Custom"),if(V40 ="E2" , ifna(vlookup(W40&"-"&X40,'Ref. VM'!D:E,2,0),"Custom"),if(V40="N2D",ifna(vlookup(W40&"-"&X40,'Ref. VM'!G:H,2,0),"Custom"),if(V40="N4",ifna(vlookup(W40&"-"&X40,'Ref. VM'!J:K,2,0),"Custom"),0)))) -> 0 | AB40: =if( V40<>0,if(T40="Lift & Shift Prod",V40&"-"&AA40&" vCPUs-"&"CUD 3y",V40&"-"&AA40&" vCPUs"),0) -> 0 | AC40: =if( V40<>0,if(T40="Lift & Shift Prod",V40&"-"&AA40&" RAM-"&"CUD 3y",V40&"-"&AA40&" RAM"),0) -> 0 | AD40: =if(Y40=0,0,if( V40="N2D",if(T40="Lift & Shift Noprod","N2D-Extended custom memory","N2D-Extended custom memory-CUD 3y"),"N4-Extended custom memory")) -> 0 | AE40: =if(T40="Lift & Shift Prod",730,if(T40="Lift & Shift Noprod",Assumptions!$B$3,0)) -> 0 | AF40: =if( U40=0,0,if(Y40=0, ((vlookup(AB40,'SKU Pricing'!A:B,Assumptions!$B$2,0)*W40)+(vlookup(AC40,'SKU Pricing'!A:B,Assumptions!$B$2,0)*X40))*AE40,((vlookup(AB40,'SKU Pricing'!A:B,Assumptions!$B$2,0)*W40)+(vlookup(AC40,'SKU Pricing'!A:B,Assumptions!$B$2,0)*(W40*8))+(vlookup(AD40,'SKU Pricing'!A:B,Assumptions!$B$2,0)*(X40-(W40*8))))*AE40)) -> 0 | AG40: =if(V40<>0, if(D40="Windows","Windows Server",if(D40="Linux",if( E40="Red Hat",if( W40<=8,"Red Hat Enterprise Linux 2-8", if(W40<128,"Red Hat Enterprise Linux 9-127","Red Hat Enterprise Linux 128")),0),0)),0) -> 0 | AH40: =ifna(vlookup(AG40,'SKU Pricing'!A:B,Assumptions!$B$2,0)*W40*AE40,0) -> 0 | AI40: =if(V40<>0, if(O40="T1","Regional",""),"") | AJ40: =if(V40<>0, if(T40="Lift & Shift Noprod",Assumptions!$B$9,if(V40=Assumptions!$B$6,Assumptions!$B$10,if(P40=1,Assumptions!$B$8,Assumptions!$B$7))),"") | AK40: =if( AJ40="",0,if(AI40="",AJ40,AJ40)) -> 0 | AL40: =if(AJ40="Hyperdisk Balanced",Assumptions!$B$11,0) -> 0 | AM40: =if(AJ40="Hyperdisk Balanced",Assumptions!$B$12,0) -> 0 | AN40: =if(AK40=0,0,if(AJ40="Hyperdisk Balanced",vlookup(AK40&" provisioned space",'SKU Pricing'!A:B,Assumptions!$B$2,0)*Z40+vlookup(AK40&" provisioned IOPS",'SKU Pricing'!A:B,Assumptions!$B$2,0)*AL40*730+vlookup(AK40&" provisioned throughput",'SKU Pricing'!A:B,Assumptions!$B$2,0)*AM40*730,vlookup(AK40,'SKU Pricing'!A:B,Assumptions!$B$2,0)*Z40)) -> 0 | AO40: =AF40+AH40+AN40 -> 0 | AP40: =if(V40<>0, "VM Manager",0) -> 0 | AQ40: =ifna(vlookup(AP40,'SKU Pricing'!A:B,Assumptions!$B$2,0)*AE40,0) -> 0 | AR40: 0
A41: OLD_dubertrand2_Concerto | B41: =ifna(if(vlookup(A41,vOS!A:B,2,0)="","Unknown",vlookup(A41,vOS!A:B,2,0)),"Unknown") -> Unknown | C41: =vlookup(B41,'OS Study'!A:D,2,0) -> 0 | D41: =vlookup(B41,'OS Study'!A:D,3,0) -> Unknown | E41: =vlookup(B41,'OS Study'!A:D,4,0) -> Unknown | F41: =vlookup(B41,'OS Study'!A:E,5,0) | G41: =IF(vlookup(A41,'RVtools V2.1'!A:J,4,0)="non",0,1) -> 0 | H41: =if(vlookup(A41,'RVtools V2.1'!A:K,11,0)="kube",1,0) -> 0 | I41: =if(H41=1, IF(COUNTIF(A41, "*MASTER*"), 1, 0),0) -> 0 | J41: =ifna(vlookup(A41,'Infra Study'!A:Q,17,0),0) -> 0 | K41: =IFERROR(__xludf.DUMMYFUNCTION("N(REGEXMATCH(VLOOKUP(A41, 'RVtools V2.1'!A:H, 8, 0), ""^Serveur de fichiers""))"),0.0) -> 0 | L41: =if(OR(C41=1,F41="2008 R2"),1,0) -> 0 | M41: =ifna(vlookup(A41,'RVtools V2.1'!A:I,8,0),"N/A") -> Archive SIL | N41: =IFERROR(__xludf.DUMMYFUNCTION("IF(REGEXMATCH(M41, ""(?i)"" & JOIN(""|"", SPLIT(""kalisil"", "" ""))), 1, 0)"),0.0) -> 0 | O41: =vlookup(A41,'RVtools V2.1'!A:H,7,0) -> T3 | P41: =if(vlookup(A41,'RVtools V2.1'!A:H,5,0)="oui",1,0) -> 0 | Q41: =ifna(vlookup(A41,vCPU!A:B,2,0),"Unknown") -> 4 | R41: =ifna(vlookup(A41,vMemory!A:C,3,0),"Unknown") -> 8 | S41: =ifna(vlookup(A41,vDisk!A:C,3,0),"Unknown") -> 346 | T41: {=IFS( L41=1, "No Lift & Shift", J41=1, XLOOKUP(A41, 'Infra Study'!A:A, 'Infra Study'!P:P), I41=1, "No Lift & Shift", H41=1, "GKE", K41=1, "GCNV", G41=1, "Lift & Shift Prod", TRUE, "Lift & Shift Noprod" )} -> Lift & Shift Noprod | U41: =if(OR(T41="Lift & Shift Prod", T41="Lift & Shift Noprod"),1,0) -> 1 | V41: =if(T41="Lift & Shift Noprod",if( Y41=0,Assumptions!$B$5, Assumptions!$B$4),if(T41="Lift & Shift Prod",if(AND(N41=1,O41="T1"),Assumptions!$B$6,Assumptions!$B$4),0)) -> E2 | W41: =if(V41<>0,if(Q41="Unknown", Assumptions!$B$42,If(Q41>1,Q41,2)),0) -> 4 | X41: =if(V41<>0,if(R41="Unknown", Assumptions!$B$43,R41),0) -> 8 | Y41: =if(U41=1,if(X41/W41>8,1,0),0) -> 0 | Z41: =if(V41<>0,if( S41="Unknown", Assumptions!$B$44,S41),0) -> 346 | AA41: =if(V41 ="N2",ifna(vlookup(W41&"-"&X41,'Ref. VM'!A:B,2,0),"Custom"),if(V41 ="E2" , ifna(vlookup(W41&"-"&X41,'Ref. VM'!D:E,2,0),"Custom"),if(V41="N2D",ifna(vlookup(W41&"-"&X41,'Ref. VM'!G:H,2,0),"Custom"),if(V41="N4",ifna(vlookup(W41&"-"&X41,'Ref. VM'!J:K,2,0),"Custom"),0)))) -> Custom | AB41: =if( V41<>0,if(T41="Lift & Shift Prod",V41&"-"&AA41&" vCPUs-"&"CUD 3y",V41&"-"&AA41&" vCPUs"),0) -> E2-Custom vCPUs | AC41: =if( V41<>0,if(T41="Lift & Shift Prod",V41&"-"&AA41&" RAM-"&"CUD 3y",V41&"-"&AA41&" RAM"),0) -> E2-Custom RAM | AD41: =if(Y41=0,0,if( V41="N2D",if(T41="Lift & Shift Noprod","N2D-Extended custom memory","N2D-Extended custom memory-CUD 3y"),"N4-Extended custom memory")) -> 0 | AE41: =if(T41="Lift & Shift Prod",730,if(T41="Lift & Shift Noprod",Assumptions!$B$3,0)) -> 270 | AF41: =if( U41=0,0,if(Y41=0, ((vlookup(AB41,'SKU Pricing'!A:B,Assumptions!$B$2,0)*W41)+(vlookup(AC41,'SKU Pricing'!A:B,Assumptions!$B$2,0)*X41))*AE41,((vlookup(AB41,'SKU Pricing'!A:B,Assumptions!$B$2,0)*W41)+(vlookup(AC41,'SKU Pricing'!A:B,Assumptions!$B$2,0)*(W41*8))+(vlookup(AD41,'SKU Pricing'!A:B,Assumptions!$B$2,0)*(X41-(W41*8))))*AE41)) -> 36.383256 | AG41: =if(V41<>0, if(D41="Windows","Windows Server",if(D41="Linux",if( E41="Red Hat",if( W41<=8,"Red Hat Enterprise Linux 2-8", if(W41<128,"Red Hat Enterprise Linux 9-127","Red Hat Enterprise Linux 128")),0),0)),0) -> 0 | AH41: =ifna(vlookup(AG41,'SKU Pricing'!A:B,Assumptions!$B$2,0)*W41*AE41,0) -> 0 | AI41: =if(V41<>0, if(O41="T1","Regional",""),"") | AJ41: =if(V41<>0, if(T41="Lift & Shift Noprod",Assumptions!$B$9,if(V41=Assumptions!$B$6,Assumptions!$B$10,if(P41=1,Assumptions!$B$8,Assumptions!$B$7))),"") -> Balanced | AK41: =if( AJ41="",0,if(AI41="",AJ41,AJ41)) -> Balanced | AL41: =if(AJ41="Hyperdisk Balanced",Assumptions!$B$11,0) -> 0 | AM41: =if(AJ41="Hyperdisk Balanced",Assumptions!$B$12,0) -> 0 | AN41: =if(AK41=0,0,if(AJ41="Hyperdisk Balanced",vlookup(AK41&" provisioned space",'SKU Pricing'!A:B,Assumptions!$B$2,0)*Z41+vlookup(AK41&" provisioned IOPS",'SKU Pricing'!A:B,Assumptions!$B$2,0)*AL41*730+vlookup(AK41&" provisioned throughput",'SKU Pricing'!A:B,Assumptions!$B$2,0)*AM41*730,vlookup(AK41,'SKU Pricing'!A:B,Assumptions!$B$2,0)*Z41)) -> 40.136 | AO41: =AF41+AH41+AN41 -> 76.519256 | AP41: =if(V41<>0, "VM Manager",0) -> VM Manager | AQ41: =ifna(vlookup(AP41,'SKU Pricing'!A:B,Assumptions!$B$2,0)*AE41,0) -> 0.81 | AR41: 0
A42: 2A2B-Concerto | B42: =ifna(if(vlookup(A42,vOS!A:B,2,0)="","Unknown",vlookup(A42,vOS!A:B,2,0)),"Unknown") -> Red Hat Enterprise Linux 5 (32-bit) | C42: =vlookup(B42,'OS Study'!A:D,2,0) -> 1 | D42: =vlookup(B42,'OS Study'!A:D,3,0) -> Linux | E42: =vlookup(B42,'OS Study'!A:D,4,0) -> Red Hat | F42: =vlookup(B42,'OS Study'!A:E,5,0) -> 5 | G42: =IF(vlookup(A42,'RVtools V2.1'!A:J,4,0)="non",0,1) -> 0 | H42: =if(vlookup(A42,'RVtools V2.1'!A:K,11,0)="kube",1,0) -> 0 | I42: =if(H42=1, IF(COUNTIF(A42, "*MASTER*"), 1, 0),0) -> 0 | J42: =ifna(vlookup(A42,'Infra Study'!A:Q,17,0),0) -> 0 | K42: =IFERROR(__xludf.DUMMYFUNCTION("N(REGEXMATCH(VLOOKUP(A42, 'RVtools V2.1'!A:H, 8, 0), ""^Serveur de fichiers""))"),0.0) -> 0 | L42: =if(OR(C42=1,F42="2008 R2"),1,0) -> 1 | M42: =ifna(vlookup(A42,'RVtools V2.1'!A:I,8,0),"N/A") -> Archive SIL | N42: =IFERROR(__xludf.DUMMYFUNCTION("IF(REGEXMATCH(M42, ""(?i)"" & JOIN(""|"", SPLIT(""kalisil"", "" ""))), 1, 0)"),0.0) -> 0 | O42: =vlookup(A42,'RVtools V2.1'!A:H,7,0) -> T3 | P42: =if(vlookup(A42,'RVtools V2.1'!A:H,5,0)="oui",1,0) -> 0 | Q42: =ifna(vlookup(A42,vCPU!A:B,2,0),"Unknown") -> 8 | R42: =ifna(vlookup(A42,vMemory!A:C,3,0),"Unknown") -> 63 | S42: =ifna(vlookup(A42,vDisk!A:C,3,0),"Unknown") -> 985 | T42: {=IFS( L42=1, "No Lift & Shift", J42=1, XLOOKUP(A42, 'Infra Study'!A:A, 'Infra Study'!P:P), I42=1, "No Lift & Shift", H42=1, "GKE", K42=1, "GCNV", G42=1, "Lift & Shift Prod", TRUE, "Lift & Shift Noprod" )} -> No Lift & Shift | U42: =if(OR(T42="Lift & Shift Prod", T42="Lift & Shift Noprod"),1,0) -> 0 | V42: =if(T42="Lift & Shift Noprod",if( Y42=0,Assumptions!$B$5, Assumptions!$B$4),if(T42="Lift & Shift Prod",if(AND(N42=1,O42="T1"),Assumptions!$B$6,Assumptions!$B$4),0)) -> 0 | W42: =if(V42<>0,if(Q42="Unknown", Assumptions!$B$42,If(Q42>1,Q42,2)),0) -> 0 | X42: =if(V42<>0,if(R42="Unknown", Assumptions!$B$43,R42),0) -> 0 | Y42: =if(U42=1,if(X42/W42>8,1,0),0) -> 0 | Z42: =if(V42<>0,if( S42="Unknown", Assumptions!$B$44,S42),0) -> 0 | AA42: =if(V42 ="N2",ifna(vlookup(W42&"-"&X42,'Ref. VM'!A:B,2,0),"Custom"),if(V42 ="E2" , ifna(vlookup(W42&"-"&X42,'Ref. VM'!D:E,2,0),"Custom"),if(V42="N2D",ifna(vlookup(W42&"-"&X42,'Ref. VM'!G:H,2,0),"Custom"),if(V42="N4",ifna(vlookup(W42&"-"&X42,'Ref. VM'!J:K,2,0),"Custom"),0)))) -> 0 | AB42: =if( V42<>0,if(T42="Lift & Shift Prod",V42&"-"&AA42&" vCPUs-"&"CUD 3y",V42&"-"&AA42&" vCPUs"),0) -> 0 | AC42: =if( V42<>0,if(T42="Lift & Shift Prod",V42&"-"&AA42&" RAM-"&"CUD 3y",V42&"-"&AA42&" RAM"),0) -> 0 | AD42: =if(Y42=0,0,if( V42="N2D",if(T42="Lift & Shift Noprod","N2D-Extended custom memory","N2D-Extended custom memory-CUD 3y"),"N4-Extended custom memory")) -> 0 | AE42: =if(T42="Lift & Shift Prod",730,if(T42="Lift & Shift Noprod",Assumptions!$B$3,0)) -> 0 | AF42: =if( U42=0,0,if(Y42=0, ((vlookup(AB42,'SKU Pricing'!A:B,Assumptions!$B$2,0)*W42)+(vlookup(AC42,'SKU Pricing'!A:B,Assumptions!$B$2,0)*X42))*AE42,((vlookup(AB42,'SKU Pricing'!A:B,Assumptions!$B$2,0)*W42)+(vlookup(AC42,'SKU Pricing'!A:B,Assumptions!$B$2,0)*(W42*8))+(vlookup(AD42,'SKU Pricing'!A:B,Assumptions!$B$2,0)*(X42-(W42*8))))*AE42)) -> 0 | AG42: =if(V42<>0, if(D42="Windows","Windows Server",if(D42="Linux",if( E42="Red Hat",if( W42<=8,"Red Hat Enterprise Linux 2-8", if(W42<128,"Red Hat Enterprise Linux 9-127","Red Hat Enterprise Linux 128")),0),0)),0) -> 0 | AH42: =ifna(vlookup(AG42,'SKU Pricing'!A:B,Assumptions!$B$2,0)*W42*AE42,0) -> 0 | AI42: =if(V42<>0, if(O42="T1","Regional",""),"") | AJ42: =if(V42<>0, if(T42="Lift & Shift Noprod",Assumptions!$B$9,if(V42=Assumptions!$B$6,Assumptions!$B$10,if(P42=1,Assumptions!$B$8,Assumptions!$B$7))),"") | AK42: =if( AJ42="",0,if(AI42="",AJ42,AJ42)) -> 0 | AL42: =if(AJ42="Hyperdisk Balanced",Assumptions!$B$11,0) -> 0 | AM42: =if(AJ42="Hyperdisk Balanced",Assumptions!$B$12,0) -> 0 | AN42: =if(AK42=0,0,if(AJ42="Hyperdisk Balanced",vlookup(AK42&" provisioned space",'SKU Pricing'!A:B,Assumptions!$B$2,0)*Z42+vlookup(AK42&" provisioned IOPS",'SKU Pricing'!A:B,Assumptions!$B$2,0)*AL42*730+vlookup(AK42&" provisioned throughput",'SKU Pricing'!A:B,Assumptions!$B$2,0)*AM42*730,vlookup(AK42,'SKU Pricing'!A:B,Assumptions!$B$2,0)*Z42)) -> 0 | AO42: =AF42+AH42+AN42 -> 0 | AP42: =if(V42<>0, "VM Manager",0) -> 0 | AQ42: =ifna(vlookup(AP42,'SKU Pricing'!A:B,Assumptions!$B$2,0)*AE42,0) -> 0 | AR42: 0
A43: SRV-ALYSE-BRUANT | B43: =ifna(if(vlookup(A43,vOS!A:B,2,0)="","Unknown",vlookup(A43,vOS!A:B,2,0)),"Unknown") -> Red Hat Enterprise Linux 5 (64-bit) | C43: =vlookup(B43,'OS Study'!A:D,2,0) -> 0 | D43: =vlookup(B43,'OS Study'!A:D,3,0) -> Linux | E43: =vlookup(B43,'OS Study'!A:D,4,0) -> Red Hat | F43: =vlookup(B43,'OS Study'!A:E,5,0) -> 5 | G43: =IF(vlookup(A43,'RVtools V2.1'!A:J,4,0)="non",0,1) -> 0 | H43: =if(vlookup(A43,'RVtools V2.1'!A:K,11,0)="kube",1,0) -> 0 | I43: =if(H43=1, IF(COUNTIF(A43, "*MASTER*"), 1, 0),0) -> 0 | J43: =ifna(vlookup(A43,'Infra Study'!A:Q,17,0),0) -> 0 | K43: =IFERROR(__xludf.DUMMYFUNCTION("N(REGEXMATCH(VLOOKUP(A43, 'RVtools V2.1'!A:H, 8, 0), ""^Serveur de fichiers""))"),0.0) -> 0 | L43: =if(OR(C43=1,F43="2008 R2"),1,0) -> 0 | M43: =ifna(vlookup(A43,'RVtools V2.1'!A:I,8,0),"N/A") -> Archive SIL | N43: =IFERROR(__xludf.DUMMYFUNCTION("IF(REGEXMATCH(M43, ""(?i)"" & JOIN(""|"", SPLIT(""kalisil"", "" ""))), 1, 0)"),0.0) -> 0 | O43: =vlookup(A43,'RVtools V2.1'!A:H,7,0) -> T3 | P43: =if(vlookup(A43,'RVtools V2.1'!A:H,5,0)="oui",1,0) -> 0 | Q43: =ifna(vlookup(A43,vCPU!A:B,2,0),"Unknown") -> 4 | R43: =ifna(vlookup(A43,vMemory!A:C,3,0),"Unknown") -> 4 | S43: =ifna(vlookup(A43,vDisk!A:C,3,0),"Unknown") -> 228 | T43: {=IFS( L43=1, "No Lift & Shift", J43=1, XLOOKUP(A43, 'Infra Study'!A:A, 'Infra Study'!P:P), I43=1, "No Lift & Shift", H43=1, "GKE", K43=1, "GCNV", G43=1, "Lift & Shift Prod", TRUE, "Lift & Shift Noprod" )} -> Lift & Shift Noprod | U43: =if(OR(T43="Lift & Shift Prod", T43="Lift & Shift Noprod"),1,0) -> 1 | V43: =if(T43="Lift & Shift Noprod",if( Y43=0,Assumptions!$B$5, Assumptions!$B$4),if(T43="Lift & Shift Prod",if(AND(N43=1,O43="T1"),Assumptions!$B$6,Assumptions!$B$4),0)) -> E2 | W43: =if(V43<>0,if(Q43="Unknown", Assumptions!$B$42,If(Q43>1,Q43,2)),0) -> 4 | X43: =if(V43<>0,if(R43="Unknown", Assumptions!$B$43,R43),0) -> 4 | Y43: =if(U43=1,if(X43/W43>8,1,0),0) -> 0 | Z43: =if(V43<>0,if( S43="Unknown", Assumptions!$B$44,S43),0) -> 228 | AA43: =if(V43 ="N2",ifna(vlookup(W43&"-"&X43,'Ref. VM'!A:B,2,0),"Custom"),if(V43 ="E2" , ifna(vlookup(W43&"-"&X43,'Ref. VM'!D:E,2,0),"Custom"),if(V43="N2D",ifna(vlookup(W43&"-"&X43,'Ref. VM'!G:H,2,0),"Custom"),if(V43="N4",ifna(vlookup(W43&"-"&X43,'Ref. VM'!J:K,2,0),"Custom"),0)))) -> Custom | AB43: =if( V43<>0,if(T43="Lift & Shift Prod",V43&"-"&AA43&" vCPUs-"&"CUD 3y",V43&"-"&AA43&" vCPUs"),0) -> E2-Custom vCPUs | AC43: =if( V43<>0,if(T43="Lift & Shift Prod",V43&"-"&AA43&" RAM-"&"CUD 3y",V43&"-"&AA43&" RAM"),0) -> E2-Custom RAM | AD43: =if(Y43=0,0,if( V43="N2D",if(T43="Lift & Shift Noprod","N2D-Extended custom memory","N2D-Extended custom memory-CUD 3y"),"N4-Extended custom memory")) -> 0 | AE43: =if(T43="Lift & Shift Prod",730,if(T43="Lift & Shift Noprod",Assumptions!$B$3,0)) -> 270 | AF43: =if( U43=0,0,if(Y43=0, ((vlookup(AB43,'SKU Pricing'!A:B,Assumptions!$B$2,0)*W43)+(vlookup(AC43,'SKU Pricing'!A:B,Assumptions!$B$2,0)*X43))*AE43,((vlookup(AB43,'SKU Pricing'!A:B,Assumptions!$B$2,0)*W43)+(vlookup(AC43,'SKU Pricing'!A:B,Assumptions!$B$2,0)*(W43*8))+(vlookup(AD43,'SKU Pricing'!A:B,Assumptions!$B$2,0)*(X43-(W43*8))))*AE43)) -> 32.537862 | AG43: =if(V43<>0, if(D43="Windows","Windows Server",if(D43="Linux",if( E43="Red Hat",if( W43<=8,"Red Hat Enterprise Linux 2-8", if(W43<128,"Red Hat Enterprise Linux 9-127","Red Hat Enterprise Linux 128")),0),0)),0) -> Red Hat Enterprise Linux 2-8 | AH43: =ifna(vlookup(AG43,'SKU Pricing'!A:B,Assumptions!$B$2,0)*W43*AE43,0) -> 15.552 | AI43: =if(V43<>0, if(O43="T1","Regional",""),"") | AJ43: =if(V43<>0, if(T43="Lift & Shift Noprod",Assumptions!$B$9,if(V43=Assumptions!$B$6,Assumptions!$B$10,if(P43=1,Assumptions!$B$8,Assumptions!$B$7))),"") -> Balanced | AK43: =if( AJ43="",0,if(AI43="",AJ43,AJ43)) -> Balanced | AL43: =if(AJ43="Hyperdisk Balanced",Assumptions!$B$11,0) -> 0 | AM43: =if(AJ43="Hyperdisk Balanced",Assumptions!$B$12,0) -> 0 | AN43: =if(AK43=0,0,if(AJ43="Hyperdisk Balanced",vlookup(AK43&" provisioned space",'SKU Pricing'!A:B,Assumptions!$B$2,0)*Z43+vlookup(AK43&" provisioned IOPS",'SKU Pricing'!A:B,Assumptions!$B$2,0)*AL43*730+vlookup(AK43&" provisioned throughput",'SKU Pricing'!A:B,Assumptions!$B$2,0)*AM43*730,vlookup(AK43,'SKU Pricing'!A:B,Assumptions!$B$2,0)*Z43)) -> 26.448 | AO43: =AF43+AH43+AN43 -> 74.537862 | AP43: =if(V43<>0, "VM Manager",0) -> VM Manager | AQ43: =ifna(vlookup(AP43,'SKU Pricing'!A:B,Assumptions!$B$2,0)*AE43,0) -> 0.81 | AR43: 0
A44: SRV-CONCERTO-APP | B44: =ifna(if(vlookup(A44,vOS!A:B,2,0)="","Unknown",vlookup(A44,vOS!A:B,2,0)),"Unknown") -> Red Hat Enterprise Linux 5 (32-bit) | C44: =vlookup(B44,'OS Study'!A:D,2,0) -> 1 | D44: =vlookup(B44,'OS Study'!A:D,3,0) -> Linux | E44: =vlookup(B44,'OS Study'!A:D,4,0) -> Red Hat | F44: =vlookup(B44,'OS Study'!A:E,5,0) -> 5 | G44: =IF(vlookup(A44,'RVtools V2.1'!A:J,4,0)="non",0,1) -> 0 | H44: =if(vlookup(A44,'RVtools V2.1'!A:K,11,0)="kube",1,0) -> 0 | I44: =if(H44=1, IF(COUNTIF(A44, "*MASTER*"), 1, 0),0) -> 0 | J44: =ifna(vlookup(A44,'Infra Study'!A:Q,17,0),0) -> 0 | K44: =IFERROR(__xludf.DUMMYFUNCTION("N(REGEXMATCH(VLOOKUP(A44, 'RVtools V2.1'!A:H, 8, 0), ""^Serveur de fichiers""))"),0.0) -> 0 | L44: =if(OR(C44=1,F44="2008 R2"),1,0) -> 1 | M44: =ifna(vlookup(A44,'RVtools V2.1'!A:I,8,0),"N/A") -> Archive SIL | N44: =IFERROR(__xludf.DUMMYFUNCTION("IF(REGEXMATCH(M44, ""(?i)"" & JOIN(""|"", SPLIT(""kalisil"", "" ""))), 1, 0)"),0.0) -> 0 | O44: =vlookup(A44,'RVtools V2.1'!A:H,7,0) -> T3 | P44: =if(vlookup(A44,'RVtools V2.1'!A:H,5,0)="oui",1,0) -> 0 | Q44: =ifna(vlookup(A44,vCPU!A:B,2,0),"Unknown") -> 16 | R44: =ifna(vlookup(A44,vMemory!A:C,3,0),"Unknown") -> 16 | S44: =ifna(vlookup(A44,vDisk!A:C,3,0),"Unknown") -> 1031 | T44: {=IFS( L44=1, "No Lift & Shift", J44=1, XLOOKUP(A44, 'Infra Study'!A:A, 'Infra Study'!P:P), I44=1, "No Lift & Shift", H44=1, "GKE", K44=1, "GCNV", G44=1, "Lift & Shift Prod", TRUE, "Lift & Shift Noprod" )} -> No Lift & Shift | U44: =if(OR(T44="Lift & Shift Prod", T44="Lift & Shift Noprod"),1,0) -> 0 | V44: =if(T44="Lift & Shift Noprod",if( Y44=0,Assumptions!$B$5, Assumptions!$B$4),if(T44="Lift & Shift Prod",if(AND(N44=1,O44="T1"),Assumptions!$B$6,Assumptions!$B$4),0)) -> 0 | W44: =if(V44<>0,if(Q44="Unknown", Assumptions!$B$42,If(Q44>1,Q44,2)),0) -> 0 | X44: =if(V44<>0,if(R44="Unknown", Assumptions!$B$43,R44),0) -> 0 | Y44: =if(U44=1,if(X44/W44>8,1,0),0) -> 0 | Z44: =if(V44<>0,if( S44="Unknown", Assumptions!$B$44,S44),0) -> 0 | AA44: =if(V44 ="N2",ifna(vlookup(W44&"-"&X44,'Ref. VM'!A:B,2,0),"Custom"),if(V44 ="E2" , ifna(vlookup(W44&"-"&X44,'Ref. VM'!D:E,2,0),"Custom"),if(V44="N2D",ifna(vlookup(W44&"-"&X44,'Ref. VM'!G:H,2,0),"Custom"),if(V44="N4",ifna(vlookup(W44&"-"&X44,'Ref. VM'!J:K,2,0),"Custom"),0)))) -> 0 | AB44: =if( V44<>0,if(T44="Lift & Shift Prod",V44&"-"&AA44&" vCPUs-"&"CUD 3y",V44&"-"&AA44&" vCPUs"),0) -> 0 | AC44: =if( V44<>0,if(T44="Lift & Shift Prod",V44&"-"&AA44&" RAM-"&"CUD 3y",V44&"-"&AA44&" RAM"),0) -> 0 | AD44: =if(Y44=0,0,if( V44="N2D",if(T44="Lift & Shift Noprod","N2D-Extended custom memory","N2D-Extended custom memory-CUD 3y"),"N4-Extended custom memory")) -> 0 | AE44: =if(T44="Lift & Shift Prod",730,if(T44="Lift & Shift Noprod",Assumptions!$B$3,0)) -> 0 | AF44: =if( U44=0,0,if(Y44=0, ((vlookup(AB44,'SKU Pricing'!A:B,Assumptions!$B$2,0)*W44)+(vlookup(AC44,'SKU Pricing'!A:B,Assumptions!$B$2,0)*X44))*AE44,((vlookup(AB44,'SKU Pricing'!A:B,Assumptions!$B$2,0)*W44)+(vlookup(AC44,'SKU Pricing'!A:B,Assumptions!$B$2,0)*(W44*8))+(vlookup(AD44,'SKU Pricing'!A:B,Assumptions!$B$2,0)*(X44-(W44*8))))*AE44)) -> 0 | AG44: =if(V44<>0, if(D44="Windows","Windows Server",if(D44="Linux",if( E44="Red Hat",if( W44<=8,"Red Hat Enterprise Linux 2-8", if(W44<128,"Red Hat Enterprise Linux 9-127","Red Hat Enterprise Linux 128")),0),0)),0) -> 0 | AH44: =ifna(vlookup(AG44,'SKU Pricing'!A:B,Assumptions!$B$2,0)*W44*AE44,0) -> 0 | AI44: =if(V44<>0, if(O44="T1","Regional",""),"") | AJ44: =if(V44<>0, if(T44="Lift & Shift Noprod",Assumptions!$B$9,if(V44=Assumptions!$B$6,Assumptions!$B$10,if(P44=1,Assumptions!$B$8,Assumptions!$B$7))),"") | AK44: =if( AJ44="",0,if(AI44="",AJ44,AJ44)) -> 0 | AL44: =if(AJ44="Hyperdisk Balanced",Assumptions!$B$11,0) -> 0 | AM44: =if(AJ44="Hyperdisk Balanced",Assumptions!$B$12,0) -> 0 | AN44: =if(AK44=0,0,if(AJ44="Hyperdisk Balanced",vlookup(AK44&" provisioned space",'SKU Pricing'!A:B,Assumptions!$B$2,0)*Z44+vlookup(AK44&" provisioned IOPS",'SKU Pricing'!A:B,Assumptions!$B$2,0)*AL44*730+vlookup(AK44&" provisioned throughput",'SKU Pricing'!A:B,Assumptions!$B$2,0)*AM44*730,vlookup(AK44,'SKU Pricing'!A:B,Assumptions!$B$2,0)*Z44)) -> 0 | AO44: =AF44+AH44+AN44 -> 0 | AP44: =if(V44<>0, "VM Manager",0) -> 0 | AQ44: =ifna(vlookup(AP44,'SKU Pricing'!A:B,Assumptions!$B$2,0)*AE44,0) -> 0 | AR44: 0
A45: SRV-ALYSE-BIOSANTE | B45: =ifna(if(vlookup(A45,vOS!A:B,2,0)="","Unknown",vlookup(A45,vOS!A:B,2,0)),"Unknown") -> Red Hat Enterprise Linux 5 (64-bit) | C45: =vlookup(B45,'OS Study'!A:D,2,0) -> 0 | D45: =vlookup(B45,'OS Study'!A:D,3,0) -> Linux | E45: =vlookup(B45,'OS Study'!A:D,4,0) -> Red Hat | F45: =vlookup(B45,'OS Study'!A:E,5,0) -> 5 | G45: =IF(vlookup(A45,'RVtools V2.1'!A:J,4,0)="non",0,1) -> 1 | H45: =if(vlookup(A45,'RVtools V2.1'!A:K,11,0)="kube",1,0) -> 0 | I45: =if(H45=1, IF(COUNTIF(A45, "*MASTER*"), 1, 0),0) -> 0 | J45: =ifna(vlookup(A45,'Infra Study'!A:Q,17,0),0) -> 0 | K45: =IFERROR(__xludf.DUMMYFUNCTION("N(REGEXMATCH(VLOOKUP(A45, 'RVtools V2.1'!A:H, 8, 0), ""^Serveur de fichiers""))"),0.0) -> 0 | L45: =if(OR(C45=1,F45="2008 R2"),1,0) -> 0 | M45: =ifna(vlookup(A45,'RVtools V2.1'!A:I,8,0),"N/A") -> Archive SIL | N45: =IFERROR(__xludf.DUMMYFUNCTION("IF(REGEXMATCH(M45, ""(?i)"" & JOIN(""|"", SPLIT(""kalisil"", "" ""))), 1, 0)"),0.0) -> 0 | O45: =vlookup(A45,'RVtools V2.1'!A:H,7,0) -> T3 | P45: =if(vlookup(A45,'RVtools V2.1'!A:H,5,0)="oui",1,0) -> 0 | Q45: =ifna(vlookup(A45,vCPU!A:B,2,0),"Unknown") -> 4 | R45: =ifna(vlookup(A45,vMemory!A:C,3,0),"Unknown") -> 16 | S45: =ifna(vlookup(A45,vDisk!A:C,3,0),"Unknown") -> 963 | T45: {=IFS( L45=1, "No Lift & Shift", J45=1, XLOOKUP(A45, 'Infra Study'!A:A, 'Infra Study'!P:P), I45=1, "No Lift & Shift", H45=1, "GKE", K45=1, "GCNV", G45=1, "Lift & Shift Prod", TRUE, "Lift & Shift Noprod" )} -> Lift & Shift Prod | U45: =if(OR(T45="Lift & Shift Prod", T45="Lift & Shift Noprod"),1,0) -> 1 | V45: =if(T45="Lift & Shift Noprod",if( Y45=0,Assumptions!$B$5, Assumptions!$B$4),if(T45="Lift & Shift Prod",if(AND(N45=1,O45="T1"),Assumptions!$B$6,Assumptions!$B$4),0)) -> N2D | W45: =if(V45<>0,if(Q45="Unknown", Assumptions!$B$42,If(Q45>1,Q45,2)),0) -> 4 | X45: =if(V45<>0,if(R45="Unknown", Assumptions!$B$43,R45),0) -> 16 | Y45: =if(U45=1,if(X45/W45>8,1,0),0) -> 0 | Z45: =if(V45<>0,if( S45="Unknown", Assumptions!$B$44,S45),0) -> 963 | AA45: =if(V45 ="N2",ifna(vlookup(W45&"-"&X45,'Ref. VM'!A:B,2,0),"Custom"),if(V45 ="E2" , ifna(vlookup(W45&"-"&X45,'Ref. VM'!D:E,2,0),"Custom"),if(V45="N2D",ifna(vlookup(W45&"-"&X45,'Ref. VM'!G:H,2,0),"Custom"),if(V45="N4",ifna(vlookup(W45&"-"&X45,'Ref. VM'!J:K,2,0),"Custom"),0)))) -> Predefined | AB45: =if( V45<>0,if(T45="Lift & Shift Prod",V45&"-"&AA45&" vCPUs-"&"CUD 3y",V45&"-"&AA45&" vCPUs"),0) -> N2D-Predefined vCPUs-CUD 3y | AC45: =if( V45<>0,if(T45="Lift & Shift Prod",V45&"-"&AA45&" RAM-"&"CUD 3y",V45&"-"&AA45&" RAM"),0) -> N2D-Predefined RAM-CUD 3y | AD45: =if(Y45=0,0,if( V45="N2D",if(T45="Lift & Shift Noprod","N2D-Extended custom memory","N2D-Extended custom memory-CUD 3y"),"N4-Extended custom memory")) -> 0 | AE45: =if(T45="Lift & Shift Prod",730,if(T45="Lift & Shift Noprod",Assumptions!$B$3,0)) -> 730 | AF45: =if( U45=0,0,if(Y45=0, ((vlookup(AB45,'SKU Pricing'!A:B,Assumptions!$B$2,0)*W45)+(vlookup(AC45,'SKU Pricing'!A:B,Assumptions!$B$2,0)*X45))*AE45,((vlookup(AB45,'SKU Pricing'!A:B,Assumptions!$B$2,0)*W45)+(vlookup(AC45,'SKU Pricing'!A:B,Assumptions!$B$2,0)*(W45*8))+(vlookup(AD45,'SKU Pricing'!A:B,Assumptions!$B$2,0)*(X45-(W45*8))))*AE45)) -> 64.397446 | AG45: =if(V45<>0, if(D45="Windows","Windows Server",if(D45="Linux",if( E45="Red Hat",if( W45<=8,"Red Hat Enterprise Linux 2-8", if(W45<128,"Red Hat Enterprise Linux 9-127","Red Hat Enterprise Linux 128")),0),0)),0) -> Red Hat Enterprise Linux 2-8 | AH45: =ifna(vlookup(AG45,'SKU Pricing'!A:B,Assumptions!$B$2,0)*W45*AE45,0) -> 42.048 | AI45: =if(V45<>0, if(O45="T1","Regional",""),"") | AJ45: =if(V45<>0, if(T45="Lift & Shift Noprod",Assumptions!$B$9,if(V45=Assumptions!$B$6,Assumptions!$B$10,if(P45=1,Assumptions!$B$8,Assumptions!$B$7))),"") -> Balanced | AK45: =if( AJ45="",0,if(AI45="",AJ45,AJ45)) -> Balanced | AL45: =if(AJ45="Hyperdisk Balanced",Assumptions!$B$11,0) -> 0 | AM45: =if(AJ45="Hyperdisk Balanced",Assumptions!$B$12,0) -> 0 | AN45: =if(AK45=0,0,if(AJ45="Hyperdisk Balanced",vlookup(AK45&" provisioned space",'SKU Pricing'!A:B,Assumptions!$B$2,0)*Z45+vlookup(AK45&" provisioned IOPS",'SKU Pricing'!A:B,Assumptions!$B$2,0)*AL45*730+vlookup(AK45&" provisioned throughput",'SKU Pricing'!A:B,Assumptions!$B$2,0)*AM45*730,vlookup(AK45,'SKU Pricing'!A:B,Assumptions!$B$2,0)*Z45)) -> 111.708 | AO45: =AF45+AH45+AN45 -> 218.15345 | AP45: =if(V45<>0, "VM Manager",0) -> VM Manager | AQ45: =ifna(vlookup(AP45,'SKU Pricing'!A:B,Assumptions!$B$2,0)*AE45,0) -> 2.19 | AR45: 0
